mc	mn	mc_onset	mn_onset	timesig	staff	voice	duration	gracenote	nominal_duration	scalar	chord_id	dynamics	staff_text	tempo	qpm
1	1	0	0	2/4	1	1	0							ùÖü = 25	25
1	1	0	0	2/4	1	1	0						Adagio ma non troppo		
1	1	0	0	2/4	1	1	0					p			
1	1	0	0	2/4	1	1	1/16		1/16	1	0				
1	1	1/16	1/16	2/4	1	1	1/16		1/16	1	1				
1	1	1/8	1/8	2/4	1	1	1/16		1/16	1	2				
1	1	3/16	3/16	2/4	1	1	1/16		1/16	1	3				
1	1	1/4	1/4	2/4	1	1	1/16		1/16	1	4				
1	1	5/16	5/16	2/4	1	1	1/16		1/16	1	5				
1	1	3/8	3/8	2/4	1	1	1/16		1/16	1	6				
1	1	7/16	7/16	2/4	1	1	1/16		1/16	1	7				
1	1	0	0	2/4	2	1	1/8		1/8	1	8				
1	1	1/4	1/4	2/4	2	1	1/8		1/8	1	9				
1	1	0	0	2/4	3	1	0					p			
1	1	0	0	2/4	3	1	0					p			
1	1	0	0	2/4	3	1	1/8		1/8	1	10				
1	1	1/4	1/4	2/4	3	1	1/8		1/8	1	11				
1	1	0	0	2/4	4	1	0					p			
1	1	0	0	2/4	4	1	1/8		1/8	1	12				
1	1	1/4	1/4	2/4	4	1	1/8		1/8	1	13				
2	2	0	0	2/4	1	1	1/16		1/16	1	14				
2	2	1/16	1/16	2/4	1	1	1/16		1/16	1	15				
2	2	1/8	1/8	2/4	1	1	1/16		1/16	1	16				
2	2	3/16	3/16	2/4	1	1	1/16		1/16	1	17				
2	2	1/4	1/4	2/4	1	1	1/16		1/16	1	18				
2	2	5/16	5/16	2/4	1	1	1/16		1/16	1	19				
2	2	3/8	3/8	2/4	1	1	1/16		1/16	1	20				
2	2	7/16	7/16	2/4	1	1	1/16		1/16	1	21				
2	2	0	0	2/4	2	1	1/8		1/8	1	22				
2	2	1/4	1/4	2/4	2	1	1/8		1/8	1	23				
2	2	0	0	2/4	3	1	1/8		1/8	1	24				
2	2	1/4	1/4	2/4	3	1	1/8		1/8	1	25				
2	2	0	0	2/4	4	1	1/8		1/8	1	26				
2	2	1/4	1/4	2/4	4	1	1/8		1/8	1	27				
3	3	0	0	2/4	1	1	1/16		1/16	1	28				
3	3	1/16	1/16	2/4	1	1	1/16		1/16	1	29				
3	3	1/8	1/8	2/4	1	1	1/16		1/16	1	30				
3	3	3/16	3/16	2/4	1	1	1/64		1/64	1	31				
3	3	13/64	13/64	2/4	1	1	1/64		1/64	1	32				
3	3	7/32	7/32	2/4	1	1	1/64		1/64	1	33				
3	3	15/64	15/64	2/4	1	1	1/64		1/64	1	34				
3	3	1/4	1/4	2/4	1	1	1/16		1/16	1	35				
3	3	5/16	5/16	2/4	1	1	1/16		1/16	1	36				
3	3	3/8	3/8	2/4	1	1	1/16		1/16	1	37				
3	3	7/16	7/16	2/4	1	1	1/64		1/64	1	38				
3	3	29/64	29/64	2/4	1	1	1/64		1/64	1	39				
3	3	15/32	15/32	2/4	1	1	1/64		1/64	1	40				
3	3	31/64	31/64	2/4	1	1	1/64		1/64	1	41				
3	3	0	0	2/4	2	1	1/8		1/8	1	42				
3	3	1/4	1/4	2/4	2	1	1/8		1/8	1	43				
3	3	0	0	2/4	3	1	1/8		1/8	1	44				
3	3	1/4	1/4	2/4	3	1	1/8		1/8	1	45				
3	3	0	0	2/4	4	1	1/8		1/8	1	46				
3	3	1/4	1/4	2/4	4	1	1/8		1/8	1	47				
4	4	0	0	2/4	1	1	1/16		1/16	1	48				
4	4	1/16	1/16	2/4	1	1	1/64		1/64	1	49				
4	4	5/64	5/64	2/4	1	1	1/64		1/64	1	50				
4	4	3/32	3/32	2/4	1	1	1/64		1/64	1	51				
4	4	7/64	7/64	2/4	1	1	1/64		1/64	1	52				
4	4	1/8	1/8	2/4	1	1	1/16		1/16	1	53				
4	4	3/16	3/16	2/4	1	1	1/32		1/32	1	54				
4	4	7/32	7/32	2/4	1	1	1/64		1/64	1	55				
4	4	15/64	15/64	2/4	1	1	1/64		1/64	1	56				
4	4	1/4	1/4	2/4	1	1	1/8		1/8	1	57				
4	4	0	0	2/4	2	1	1/16		1/16	1	58				
4	4	1/8	1/8	2/4	2	1	1/16		1/16	1	59				
4	4	1/4	1/4	2/4	2	1	1/16		1/16	1	60				
4	4	5/16	5/16	2/4	2	1	1/32		1/32	1	61				
4	4	11/32	11/32	2/4	2	1	1/32		1/32	1	62				
4	4	3/8	3/8	2/4	2	1	1/32		1/32	1	63				
4	4	13/32	13/32	2/4	2	1	1/32		1/32	1	64				
4	4	7/16	7/16	2/4	2	1	1/32		1/32	1	65				
4	4	15/32	15/32	2/4	2	1	1/32		1/32	1	66				
4	4	0	0	2/4	3	1	1/16		1/16	1	67				
4	4	1/8	1/8	2/4	3	1	1/16		1/16	1	68				
4	4	1/4	1/4	2/4	3	1	1/16		1/16	1	69				
4	4	0	0	2/4	4	1	1/16		1/16	1	70				
4	4	1/8	1/8	2/4	4	1	1/16		1/16	1	71				
4	4	1/4	1/4	2/4	4	1	1/16		1/16	1	72				
5	5	1/4	1/4	2/4	1	1	0					p			
5	5	1/4	1/4	2/4	1	1	1/8		1/8	1	73				
5	5	3/8	3/8	2/4	1	1	1/32		1/32	1	74				
5	5	13/32	13/32	2/4	1	1	1/32		1/32	1	75				
5	5	7/16	7/16	2/4	1	1	1/32		1/32	1	76				
5	5	15/32	15/32	2/4	1	1	1/32		1/32	1	77				
5	5	0	0	2/4	2	1	0					p			
5	5	0	0	2/4	2	1	1/16		1/16	1	78				
5	5	1/16	1/16	2/4	2	1	1/16		1/16	1	79				
5	5	1/8	1/8	2/4	2	1	1/16		1/16	1	80				
5	5	3/16	3/16	2/4	2	1	1/16		1/16	1	81				
5	5	1/4	1/4	2/4	2	1	1/16		1/16	1	82				
5	5	5/16	5/16	2/4	2	1	1/16		1/16	1	83				
5	5	3/8	3/8	2/4	2	1	1/16		1/16	1	84				
5	5	7/16	7/16	2/4	2	1	1/16		1/16	1	85				
5	5	0	0	2/4	3	1	0					p			
5	5	0	0	2/4	3	1	1/16		1/16	1	86				
5	5	1/16	1/16	2/4	3	1	1/16		1/16	1	87				
5	5	1/8	1/8	2/4	3	1	1/16		1/16	1	88				
5	5	3/16	3/16	2/4	3	1	1/16		1/16	1	89				
5	5	1/4	1/4	2/4	3	1	1/16		1/16	1	90				
5	5	5/16	5/16	2/4	3	1	1/16		1/16	1	91				
5	5	3/8	3/8	2/4	3	1	1/16		1/16	1	92				
5	5	7/16	7/16	2/4	3	1	1/16		1/16	1	93				
5	5	0	0	2/4	4	1	0					p			
5	5	0	0	2/4	4	1	1/8		1/8	1	94				
5	5	1/4	1/4	2/4	4	1	1/16		1/16	1	95				
5	5	5/16	5/16	2/4	4	1	1/16		1/16	1	96				
5	5	3/8	3/8	2/4	4	1	1/16		1/16	1	97				
5	5	7/16	7/16	2/4	4	1	1/16		1/16	1	98				
6	6	0	0	2/4	1	1	1/16		1/16	1	99				
6	6	1/16	1/16	2/4	1	1	1/16		1/16	1	100				
6	6	1/8	1/8	2/4	1	1	1/32		1/32	1	101				
6	6	5/32	5/32	2/4	1	1	1/32		1/32	1	102				
6	6	3/16	3/16	2/4	1	1	1/32		1/32	1	103				
6	6	7/32	7/32	2/4	1	1	1/32		1/32	1	104				
6	6	1/4	1/4	2/4	1	1	1/8		1/8	1	105				
6	6	3/8	3/8	2/4	1	1	1/32		1/32	1	106				
6	6	13/32	13/32	2/4	1	1	1/32		1/32	1	107				
6	6	7/16	7/16	2/4	1	1	1/32		1/32	1	108				
6	6	15/32	15/32	2/4	1	1	1/32		1/32	1	109				
6	6	0	0	2/4	2	1	1/16		1/16	1	110				
6	6	1/16	1/16	2/4	2	1	1/16		1/16	1	111				
6	6	1/8	1/8	2/4	2	1	1/16		1/16	1	112				
6	6	3/16	3/16	2/4	2	1	1/16		1/16	1	113				
6	6	1/4	1/4	2/4	2	1	1/16		1/16	1	114				
6	6	5/16	5/16	2/4	2	1	1/16		1/16	1	115				
6	6	3/8	3/8	2/4	2	1	1/16		1/16	1	116				
6	6	7/16	7/16	2/4	2	1	1/16		1/16	1	117				
6	6	0	0	2/4	3	1	3/16		1/8	3/2	118				
6	6	3/16	3/16	2/4	3	1	1/16		1/16	1	119				
6	6	1/4	1/4	2/4	3	1	1/16		1/16	1	120				
6	6	5/16	5/16	2/4	3	1	1/16		1/16	1	121				
6	6	3/8	3/8	2/4	3	1	1/16		1/16	1	122				
6	6	7/16	7/16	2/4	3	1	1/16		1/16	1	123				
6	6	0	0	2/4	4	1	1/16		1/16	1	124				
6	6	1/16	1/16	2/4	4	1	1/16		1/16	1	125				
6	6	1/8	1/8	2/4	4	1	1/16		1/16	1	126				
6	6	3/16	3/16	2/4	4	1	1/16		1/16	1	127				
6	6	1/4	1/4	2/4	4	1	1/16		1/16	1	128				
6	6	5/16	5/16	2/4	4	1	1/16		1/16	1	129				
6	6	3/8	3/8	2/4	4	1	1/16		1/16	1	130				
6	6	7/16	7/16	2/4	4	1	1/16		1/16	1	131				
7	7	0	0	2/4	1	1	3/32		1/16	3/2	132				
7	7	3/32	3/32	2/4	1	1	1/32		1/32	1	133				
7	7	1/8	1/8	2/4	1	1	1/16		1/16	1	134				
7	7	1/4	1/4	2/4	1	1	3/32		1/16	3/2	135				
7	7	11/32	11/32	2/4	1	1	1/32		1/32	1	136				
7	7	3/8	3/8	2/4	1	1	1/16		1/16	1	137				
7	7	0	0	2/4	2	1	1/16		1/16	1	138				
7	7	1/16	1/16	2/4	2	1	1/16		1/16	1	139				
7	7	1/8	1/8	2/4	2	1	1/16		1/16	1	140				
7	7	3/16	3/16	2/4	2	1	1/64		1/64	1	141				
7	7	13/64	13/64	2/4	2	1	1/64		1/64	1	142				
7	7	7/32	7/32	2/4	2	1	1/64		1/64	1	143				
7	7	15/64	15/64	2/4	2	1	1/64		1/64	1	144				
7	7	1/4	1/4	2/4	2	1	1/16		1/16	1	145				
7	7	5/16	5/16	2/4	2	1	1/16		1/16	1	146				
7	7	3/8	3/8	2/4	2	1	1/16		1/16	1	147				
7	7	7/16	7/16	2/4	2	1	1/64		1/64	1	148				
7	7	29/64	29/64	2/4	2	1	1/64		1/64	1	149				
7	7	15/32	15/32	2/4	2	1	1/64		1/64	1	150				
7	7	31/64	31/64	2/4	2	1	1/64		1/64	1	151				
7	7	0	0	2/4	3	1	1/4		1/4	1	152				
7	7	1/4	1/4	2/4	3	1	1/4		1/4	1	153				
7	7	0	0	2/4	4	1	1/4		1/4	1	154				
7	7	1/4	1/4	2/4	4	1	1/4		1/4	1	155				
8	8	1/16	1/16	2/4	1	1	1/16		1/16	1	156				
8	8	3/16	3/16	2/4	1	1	1/16		1/16	1	157				
8	8	1/4	1/4	2/4	1	1	1/8		1/8	1	158				
8	8	7/16	7/16	2/4	1	1	1/16		1/16	1	159				
8	8	0	0	2/4	2	1	1/16		1/16	1	160				
8	8	1/16	1/16	2/4	2	1	1/64		1/64	1	161				
8	8	5/64	5/64	2/4	2	1	1/64		1/64	1	162				
8	8	3/32	3/32	2/4	2	1	1/64		1/64	1	163				
8	8	7/64	7/64	2/4	2	1	1/64		1/64	1	164				
8	8	1/8	1/8	2/4	2	1	1/16		1/16	1	165				
8	8	3/16	3/16	2/4	2	1	1/64		1/64	1	166				
8	8	13/64	13/64	2/4	2	1	1/64		1/64	1	167				
8	8	7/32	7/32	2/4	2	1	1/64		1/64	1	168				
8	8	15/64	15/64	2/4	2	1	1/64		1/64	1	169				
8	8	1/4	1/4	2/4	2	1	1/8		1/8	1	170				
8	8	0	0	2/4	3	1	1/16		1/16	1	171				
8	8	1/8	1/8	2/4	3	1	1/16		1/16	1	172				
8	8	1/4	1/4	2/4	3	1	1/8		1/8	1	173				
8	8	0	0	2/4	4	1	1/16		1/16	1	174				
8	8	1/8	1/8	2/4	4	1	1/16		1/16	1	175				
8	8	1/4	1/4	2/4	4	1	1/8		1/8	1	176				
9	9	0	0	2/4	1	1	3/32		1/16	3/2	177				
9	9	3/32	3/32	2/4	1	1	1/32		1/32	1	178				
9	9	1/8	1/8	2/4	1	1	1/16		1/16	1	179				
9	9	3/16	3/16	2/4	1	1	1/16		1/16	1	180				
9	9	1/4	1/4	2/4	1	1	3/16		1/8	3/2	181				
9	9	7/16	7/16	2/4	1	1	1/16		1/16	1	182				
9	9	0	0	2/4	2	1	3/32		1/16	3/2	183				
9	9	3/32	3/32	2/4	2	1	1/32		1/32	1	184				
9	9	1/8	1/8	2/4	2	1	1/16		1/16	1	185				
9	9	3/16	3/16	2/4	2	1	1/16		1/16	1	186				
9	9	1/4	1/4	2/4	2	1	3/16		1/8	3/2	187				
9	9	7/16	7/16	2/4	2	1	1/16		1/16	1	188				
9	9	0	0	2/4	3	1	3/32		1/16	3/2	189				
9	9	3/32	3/32	2/4	3	1	1/32		1/32	1	190				
9	9	1/8	1/8	2/4	3	1	1/16		1/16	1	191				
9	9	3/16	3/16	2/4	3	1	1/16		1/16	1	192				
9	9	1/4	1/4	2/4	3	1	3/16		1/8	3/2	193				
9	9	7/16	7/16	2/4	3	1	1/16		1/16	1	194				
9	9	0	0	2/4	4	1	3/32		1/16	3/2	195				
9	9	3/32	3/32	2/4	4	1	1/32		1/32	1	196				
9	9	1/8	1/8	2/4	4	1	1/16		1/16	1	197				
9	9	3/16	3/16	2/4	4	1	1/16		1/16	1	198				
9	9	1/4	1/4	2/4	4	1	3/16		1/8	3/2	199				
9	9	7/16	7/16	2/4	4	1	1/16		1/16	1	200				
10	10	0	0	2/4	1	1	1/16		1/16	1	201				
10	10	1/16	1/16	2/4	1	1	1/16		1/16	1	202				
10	10	1/8	1/8	2/4	1	1	1/16		1/16	1	203				
10	10	3/16	3/16	2/4	1	1	1/16		1/16	1	204				
10	10	1/4	1/4	2/4	1	1	3/32		1/16	3/2	205				
10	10	11/32	11/32	2/4	1	1	1/64		1/64	1	206				
10	10	23/64	23/64	2/4	1	1	1/64		1/64	1	207				
10	10	3/8	3/8	2/4	1	1	1/48		1/32	2/3	208				
10	10	19/48	19/48	2/4	1	1	1/48		1/32	2/3	209				
10	10	5/12	5/12	2/4	1	1	1/48		1/32	2/3	210				
10	10	7/16	7/16	2/4	1	1	1/48		1/32	2/3	211				
10	10	11/24	11/24	2/4	1	1	1/48		1/32	2/3	212				
10	10	23/48	23/48	2/4	1	1	1/48		1/32	2/3	213				
10	10	0	0	2/4	2	1	1/16		1/16	1	214				
10	10	1/16	1/16	2/4	2	1	1/16		1/16	1	215				
10	10	1/8	1/8	2/4	2	1	1/16		1/16	1	216				
10	10	3/16	3/16	2/4	2	1	1/16		1/16	1	217				
10	10	1/4	1/4	2/4	2	1	3/32		1/16	3/2	218				
10	10	11/32	11/32	2/4	2	1	1/64		1/64	1	219				
10	10	23/64	23/64	2/4	2	1	1/64		1/64	1	220				
10	10	3/8	3/8	2/4	2	1	1/48		1/32	2/3	221				
10	10	19/48	19/48	2/4	2	1	1/48		1/32	2/3	222				
10	10	5/12	5/12	2/4	2	1	1/48		1/32	2/3	223				
10	10	7/16	7/16	2/4	2	1	1/48		1/32	2/3	224				
10	10	11/24	11/24	2/4	2	1	1/48		1/32	2/3	225				
10	10	23/48	23/48	2/4	2	1	1/48		1/32	2/3	226				
10	10	0	0	2/4	3	1	1/16		1/16	1	227				
10	10	1/16	1/16	2/4	3	1	1/16		1/16	1	228				
10	10	1/8	1/8	2/4	3	1	1/16		1/16	1	229				
10	10	3/16	3/16	2/4	3	1	1/16		1/16	1	230				
10	10	1/4	1/4	2/4	3	1	1/8		1/8	1	231				
10	10	0	0	2/4	4	1	1/16		1/16	1	232				
10	10	1/16	1/16	2/4	4	1	1/16		1/16	1	233				
10	10	1/8	1/8	2/4	4	1	1/16		1/16	1	234				
10	10	3/16	3/16	2/4	4	1	1/16		1/16	1	235				
10	10	1/4	1/4	2/4	4	1	1/8		1/8	1	236				
11	11	0	0	2/4	1	1	3/32		1/16	3/2	237				
11	11	3/32	3/32	2/4	1	1	1/32		1/32	1	238				
11	11	1/8	1/8	2/4	1	1	1/16		1/16	1	239				
11	11	3/16	3/16	2/4	1	1	1/16		1/16	1	240				
11	11	1/4	1/4	2/4	1	1	3/16		1/8	3/2	241				
11	11	7/16	7/16	2/4	1	1	1/16		1/16	1	242				
11	11	0	0	2/4	2	1	3/32		1/16	3/2	243				
11	11	3/32	3/32	2/4	2	1	1/32		1/32	1	244				
11	11	1/8	1/8	2/4	2	1	1/16		1/16	1	245				
11	11	3/16	3/16	2/4	2	1	1/16		1/16	1	246				
11	11	1/4	1/4	2/4	2	1	1/16		1/16	1	247				
11	11	5/16	5/16	2/4	2	1	1/16		1/16	1	248				
11	11	3/8	3/8	2/4	2	1	1/16		1/16	1	249				
11	11	7/16	7/16	2/4	2	1	1/16		1/16	1	250				
11	11	0	0	2/4	3	1	3/32		1/16	3/2	251				
11	11	3/32	3/32	2/4	3	1	1/32		1/32	1	252				
11	11	1/8	1/8	2/4	3	1	1/16		1/16	1	253				
11	11	3/16	3/16	2/4	3	1	1/16		1/16	1	254				
11	11	1/4	1/4	2/4	3	1	3/16		1/8	3/2	255				
11	11	7/16	7/16	2/4	3	1	1/16		1/16	1	256				
11	11	0	0	2/4	4	1	3/32		1/16	3/2	257				
11	11	3/32	3/32	2/4	4	1	1/32		1/32	1	258				
11	11	1/8	1/8	2/4	4	1	1/16		1/16	1	259				
11	11	3/16	3/16	2/4	4	1	1/16		1/16	1	260				
11	11	1/4	1/4	2/4	4	1	3/16		1/8	3/2	261				
11	11	7/16	7/16	2/4	4	1	1/16		1/16	1	262				
12	12	0	0	2/4	1	1	3/32		1/16	3/2	263				
12	12	3/32	3/32	2/4	1	1	1/32		1/32	1	264				
12	12	1/8	1/8	2/4	1	1	3/32		1/16	3/2	265				
12	12	7/32	7/32	2/4	1	1	1/32		1/32	1	266				
12	12	1/4	1/4	2/4	1	1	3/32		1/16	3/2	267				
12	12	11/32	11/32	2/4	1	1	1/32		1/32	1	268				
12	12	3/8	3/8	2/4	1	1	1/32		1/32	1	269				
12	12	13/32	13/32	2/4	1	1	1/32		1/32	1	270				
12	12	7/16	7/16	2/4	1	1	1/32		1/32	1	271				
12	12	15/32	15/32	2/4	1	1	1/32		1/32	1	272				
12	12	0	0	2/4	2	1	1/8		1/8	1	273				
12	12	1/8	1/8	2/4	2	1	1/8		1/8	1	274				
12	12	1/4	1/4	2/4	2	1	1/8		1/8	1	275				
12	12	0	0	2/4	3	1	1/8		1/8	1	276				
12	12	1/8	1/8	2/4	3	1	1/8		1/8	1	277				
12	12	1/4	1/4	2/4	3	1	1/8		1/8	1	278				
12	12	0	0	2/4	4	1	1/8		1/8	1	279				
12	12	1/8	1/8	2/4	4	1	1/8		1/8	1	280				
12	12	1/4	1/4	2/4	4	1	1/8		1/8	1	281				
13	13	0	0	2/4	1	1	0					p			
13	13	0	0	2/4	1	1	1/16		1/16	1	282				
13	13	1/16	1/16	2/4	1	1	1/16		1/16	1	283				
13	13	1/8	1/8	2/4	1	1	1/16		1/16	1	284				
13	13	3/16	3/16	2/4	1	1	1/64		1/64	1	285				
13	13	13/64	13/64	2/4	1	1	1/64		1/64	1	286				
13	13	7/32	7/32	2/4	1	1	1/64		1/64	1	287				
13	13	15/64	15/64	2/4	1	1	1/64		1/64	1	288				
13	13	1/4	1/4	2/4	1	1	1/16		1/16	1	289				
13	13	5/16	5/16	2/4	1	1	1/16		1/16	1	290				
13	13	3/8	3/8	2/4	1	1	1/16		1/16	1	291				
13	13	7/16	7/16	2/4	1	1	1/64		1/64	1	292				
13	13	29/64	29/64	2/4	1	1	1/64		1/64	1	293				
13	13	15/32	15/32	2/4	1	1	1/64		1/64	1	294				
13	13	31/64	31/64	2/4	1	1	1/64		1/64	1	295				
13	13	0	0	2/4	2	1	1/2		1/2	1	296				
13	13	0	0	2/4	3	1	0					p			
13	13	1/8	1/8	2/4	3	1	0						queste note ben marcate		
13	13	11/64	11/64	2/4	3	1	0					p			
13	13	11/64	11/64	2/4	3	1	1/64		1/64	1	297				
13	13	3/16	3/16	2/4	3	1	3/64		1/32	3/2	298				
13	13	15/64	15/64	2/4	3	1	1/64		1/64	1	299				
13	13	1/4	1/4	2/4	3	1	1/8		1/8	1	300				
13	13	3/8	3/8	2/4	4	1	0						queste note ben marcate		
13	13	27/64	27/64	2/4	4	1	0					p			
13	13	27/64	27/64	2/4	4	1	1/64		1/64	1	301				
13	13	7/16	7/16	2/4	4	1	3/64		1/32	3/2	302				
13	13	31/64	31/64	2/4	4	1	1/64		1/64	1	303				
14	14	0	0	2/4	1	1	1/16		1/16	1	304				
14	14	1/16	1/16	2/4	1	1	1/32		1/32	1	305				
14	14	7/64	7/64	2/4	1	1	1/64		1/64	1	306				
14	14	1/8	1/8	2/4	1	1	1/16		1/16	1	307				
14	14	3/16	3/16	2/4	1	1	1/32		1/32	1	308				
14	14	15/64	15/64	2/4	1	1	1/64		1/64	1	309				
14	14	1/4	1/4	2/4	1	1	1/16		1/16	1	310				
14	14	5/16	5/16	2/4	1	1	1/32		1/32	1	311				
14	14	23/64	23/64	2/4	1	1	1/64		1/64	1	312				
14	14	3/8	3/8	2/4	1	1	1/16		1/16	1	313				
14	14	7/16	7/16	2/4	1	1	1/32		1/32	1	314				
14	14	31/64	31/64	2/4	1	1	1/64		1/64	1	315				
14	14	0	0	2/4	2	1	1/4		1/4	1	316				
14	14	1/4	1/4	2/4	2	1	1/4		1/4	1	317				
14	14	11/64	11/64	2/4	3	1	1/64		1/64	1	318				
14	14	3/16	3/16	2/4	3	1	3/64		1/32	3/2	319				
14	14	15/64	15/64	2/4	3	1	1/64		1/64	1	320				
14	14	1/4	1/4	2/4	3	1	1/8		1/8	1	321				
14	14	0	0	2/4	4	1	1/8		1/8	1	322				
14	14	27/64	27/64	2/4	4	1	1/64		1/64	1	323				
14	14	7/16	7/16	2/4	4	1	3/64		1/32	3/2	324				
14	14	31/64	31/64	2/4	4	1	1/64		1/64	1	325				
15	15	0	0	2/4	1	1	1/16		1/16	1	326				
15	15	1/16	1/16	2/4	1	1	1/16		1/16	1	327				
15	15	1/8	1/8	2/4	1	1	1/16		1/16	1	328				
15	15	3/16	3/16	2/4	1	1	1/64		1/64	1	329				
15	15	13/64	13/64	2/4	1	1	1/64		1/64	1	330				
15	15	7/32	7/32	2/4	1	1	1/64		1/64	1	331				
15	15	15/64	15/64	2/4	1	1	1/64		1/64	1	332				
15	15	1/4	1/4	2/4	1	1	1/16		1/16	1	333				
15	15	5/16	5/16	2/4	1	1	1/16		1/16	1	334				
15	15	3/8	3/8	2/4	1	1	1/16		1/16	1	335				
15	15	7/16	7/16	2/4	1	1	1/64		1/64	1	336				
15	15	29/64	29/64	2/4	1	1	1/64		1/64	1	337				
15	15	15/32	15/32	2/4	1	1	1/64		1/64	1	338				
15	15	31/64	31/64	2/4	1	1	1/64		1/64	1	339				
15	15	0	0	2/4	2	1	1/4		1/4	1	340				
15	15	1/4	1/4	2/4	2	1	1/8		1/8	1	341				
15	15	3/8	3/8	2/4	2	1	1/8		1/8	1	342				
15	15	0	0	2/4	2	2	1/8		1/8	1	343				
15	15	1/8	1/8	2/4	2	2	3/64		1/32	3/2	344				
15	15	11/64	11/64	2/4	2	2	1/64		1/64	1	345				
15	15	3/16	3/16	2/4	2	2	3/64		1/32	3/2	346				
15	15	15/64	15/64	2/4	2	2	1/64		1/64	1	347				
15	15	1/4	1/4	2/4	2	2	1/8		1/8	1	348				
15	15	3/8	3/8	2/4	2	2	3/64		1/32	3/2	349				
15	15	27/64	27/64	2/4	2	2	1/64		1/64	1	350				
15	15	7/16	7/16	2/4	2	2	3/64		1/32	3/2	351				
15	15	31/64	31/64	2/4	2	2	1/64		1/64	1	352				
15	15	11/64	11/64	2/4	3	1	1/64		1/64	1	353				
15	15	3/16	3/16	2/4	3	1	3/64		1/32	3/2	354				
15	15	15/64	15/64	2/4	3	1	1/64		1/64	1	355				
15	15	1/4	1/4	2/4	3	1	1/8		1/8	1	356				
15	15	0	0	2/4	4	1	1/8		1/8	1	357				
15	15	27/64	27/64	2/4	4	1	1/64		1/64	1	358				
15	15	7/16	7/16	2/4	4	1	3/64		1/32	3/2	359				
15	15	31/64	31/64	2/4	4	1	1/64		1/64	1	360				
16	16	0	0	2/4	1	1	1/16		1/16	1	361				
16	16	1/16	1/16	2/4	1	1	1/64		1/64	1	362				
16	16	5/64	5/64	2/4	1	1	1/64		1/64	1	363				
16	16	3/32	3/32	2/4	1	1	1/64		1/64	1	364				
16	16	7/64	7/64	2/4	1	1	1/64		1/64	1	365				
16	16	1/8	1/8	2/4	1	1	1/16		1/16	1	366				
16	16	3/16	3/16	2/4	1	1	1/64		1/64	1	367				
16	16	13/64	13/64	2/4	1	1	1/64		1/64	1	368				
16	16	7/32	7/32	2/4	1	1	1/64		1/64	1	369				
16	16	15/64	15/64	2/4	1	1	1/64		1/64	1	370				
16	16	1/4	1/4	2/4	1	1	1/8		1/8	1	371				
16	16	7/16	7/16	2/4	1	1	0					pp			
16	16	7/16	7/16	2/4	1	1	1/16		1/16	1	372				
16	16	0	0	2/4	2	1	1/16		1/16	1	373				
16	16	1/8	1/8	2/4	2	1	1/16		1/16	1	374				
16	16	1/4	1/4	2/4	2	1	1/8		1/8	1	375				
16	16	0	0	2/4	3	1	1/16		1/16	1	376				
16	16	1/8	1/8	2/4	3	1	1/16		1/16	1	377				
16	16	1/4	1/4	2/4	3	1	1/8		1/8	1	378				
16	16	0	0	2/4	4	1	1/16		1/16	1	379				
16	16	1/8	1/8	2/4	4	1	1/16		1/16	1	380				
16	16	1/4	1/4	2/4	4	1	1/8		1/8	1	381				
16	16	7/16	7/16	2/4	4	1	0					pp			
16	16	7/16	7/16	2/4	4	1	1/16		1/16	1	382				
17	17	0	0	2/4	1	1	1/8		1/8	1	383				
17	17	1/8	1/8	2/4	1	1	1/16		1/16	1	384				
17	17	3/16	3/16	2/4	1	1	1/16		1/16	1	385				
17	17	1/4	1/4	2/4	1	1	1/8		1/8	1	386				
17	17	3/8	3/8	2/4	1	1	1/16		1/16	1	387				
17	17	7/16	7/16	2/4	1	1	1/16		1/16	1	388				
17	17	7/16	7/16	2/4	3	1	0					pp			
17	17	7/16	7/16	2/4	3	1	1/16		1/16	1	389				
17	17	0	0	2/4	4	1	1/8		1/8	1	390				
17	17	1/8	1/8	2/4	4	1	1/16		1/16	1	391				
17	17	3/16	3/16	2/4	4	1	1/16		1/16	1	392				
17	17	1/4	1/4	2/4	4	1	1/8		1/8	1	393				
17	17	3/8	3/8	2/4	4	1	1/16		1/16	1	394				
17	17	7/16	7/16	2/4	4	1	1/16		1/16	1	395				
18	18	0	0	2/4	1	1	1/16		1/16	1	396				
18	18	1/16	1/16	2/4	1	1	1/16		1/16	1	397				
18	18	1/8	1/8	2/4	1	1	1/16		1/16	1	398				
18	18	3/16	3/16	2/4	1	1	1/16		1/16	1	399				
18	18	1/4	1/4	2/4	1	1	1/16		1/16	1	400				
18	18	5/16	5/16	2/4	1	1	1/16		1/16	1	401				
18	18	3/8	3/8	2/4	1	1	1/16		1/16	1	402				
18	18	7/16	7/16	2/4	1	1	1/16		1/16	1	403				
18	18	0	0	2/4	3	1	1/16		1/16	1	404				
18	18	1/16	1/16	2/4	3	1	1/16		1/16	1	405				
18	18	1/8	1/8	2/4	3	1	1/16		1/16	1	406				
18	18	3/16	3/16	2/4	3	1	1/16		1/16	1	407				
18	18	1/4	1/4	2/4	3	1	1/16		1/16	1	408				
18	18	5/16	5/16	2/4	3	1	1/16		1/16	1	409				
18	18	3/8	3/8	2/4	3	1	1/16		1/16	1	410				
18	18	7/16	7/16	2/4	3	1	1/16		1/16	1	411				
18	18	0	0	2/4	4	1	1/16		1/16	1	412				
18	18	1/16	1/16	2/4	4	1	1/16		1/16	1	413				
18	18	1/8	1/8	2/4	4	1	1/16		1/16	1	414				
18	18	3/16	3/16	2/4	4	1	1/16		1/16	1	415				
18	18	1/4	1/4	2/4	4	1	1/16		1/16	1	416				
18	18	5/16	5/16	2/4	4	1	1/16		1/16	1	417				
18	18	3/8	3/8	2/4	4	1	1/16		1/16	1	418				
18	18	7/16	7/16	2/4	4	1	1/16		1/16	1	419				
19	19	0	0	2/4	1	1	0						cresc.		
19	19	0	0	2/4	1	1	1/8		1/8	1	420				
19	19	1/8	1/8	2/4	1	1	1/16		1/16	1	421				
19	19	3/16	3/16	2/4	1	1	1/16		1/16	1	422				
19	19	1/4	1/4	2/4	1	1	1/16		1/16	1	423				
19	19	5/16	5/16	2/4	1	1	1/16		1/16	1	424				
19	19	3/8	3/8	2/4	1	1	1/16		1/16	1	425				
19	19	7/16	7/16	2/4	1	1	1/16		1/16	1	426				
19	19	0	0	2/4	2	1	0						cresc.		
19	19	0	0	2/4	2	1	1/8		1/8	1	427				
19	19	1/8	1/8	2/4	2	1	1/16		1/16	1	428				
19	19	3/16	3/16	2/4	2	1	1/16		1/16	1	429				
19	19	1/4	1/4	2/4	2	1	1/16		1/16	1	430				
19	19	5/16	5/16	2/4	2	1	1/16		1/16	1	431				
19	19	3/8	3/8	2/4	2	1	1/16		1/16	1	432				
19	19	7/16	7/16	2/4	2	1	1/16		1/16	1	433				
19	19	0	0	2/4	3	1	0						cresc.		
19	19	0	0	2/4	3	1	3/16		1/8	3/2	434				
19	19	3/16	3/16	2/4	3	1	1/16		1/16	1	435				
19	19	1/4	1/4	2/4	3	1	1/16		1/16	1	436				
19	19	5/16	5/16	2/4	3	1	1/16		1/16	1	437				
19	19	3/8	3/8	2/4	3	1	1/16		1/16	1	438				
19	19	7/16	7/16	2/4	3	1	1/16		1/16	1	439				
19	19	0	0	2/4	4	1	0						cresc.		
19	19	0	0	2/4	4	1	1/8		1/8	1	440				
19	19	1/8	1/8	2/4	4	1	1/16		1/16	1	441				
19	19	3/16	3/16	2/4	4	1	1/16		1/16	1	442				
19	19	1/4	1/4	2/4	4	1	1/16		1/16	1	443				
19	19	5/16	5/16	2/4	4	1	1/16		1/16	1	444				
19	19	3/8	3/8	2/4	4	1	1/16		1/16	1	445				
19	19	7/16	7/16	2/4	4	1	1/16		1/16	1	446				
20	20	0	0	2/4	1	1	0					pp			
20	20	0	0	2/4	1	1	1/16		1/16	1	447				
20	20	1/8	1/8	2/4	1	1	1/16		1/16	1	448				
20	20	1/4	1/4	2/4	1	1	1/8		1/8	1	449				
20	20	0	0	2/4	2	1	0					pp			
20	20	0	0	2/4	2	1	1/16		1/16	1	450				
20	20	1/8	1/8	2/4	2	1	1/16		1/16	1	451				
20	20	1/4	1/4	2/4	2	1	1/8		1/8	1	452				
20	20	7/16	7/16	2/4	2	1	1/16		1/16	1	453				
20	20	0	0	2/4	3	1	0					pp			
20	20	0	0	2/4	3	1	1/16		1/16	1	454				
20	20	1/8	1/8	2/4	3	1	1/16		1/16	1	455				
20	20	1/4	1/4	2/4	3	1	1/8		1/8	1	456				
20	20	0	0	2/4	4	1	0					pp			
20	20	0	0	2/4	4	1	1/16		1/16	1	457				
20	20	1/8	1/8	2/4	4	1	1/16		1/16	1	458				
20	20	1/4	1/4	2/4	4	1	1/8		1/8	1	459				
21	21	0	0	2/4	1	1	0					pp			
21	21	0	0	2/4	1	1	1/32		1/32	1	460				
21	21	1/32	1/32	2/4	1	1	1/32		1/32	1	461				
21	21	1/16	1/16	2/4	1	1	1/32		1/32	1	462				
21	21	3/32	3/32	2/4	1	1	1/32		1/32	1	463				
21	21	1/8	1/8	2/4	1	1	1/32		1/32	1	464				
21	21	5/32	5/32	2/4	1	1	1/32		1/32	1	465				
21	21	3/16	3/16	2/4	1	1	1/32		1/32	1	466				
21	21	7/32	7/32	2/4	1	1	1/32		1/32	1	467				
21	21	1/4	1/4	2/4	1	1	1/32		1/32	1	468				
21	21	9/32	9/32	2/4	1	1	1/32		1/32	1	469				
21	21	5/16	5/16	2/4	1	1	1/32		1/32	1	470				
21	21	11/32	11/32	2/4	1	1	1/32		1/32	1	471				
21	21	3/8	3/8	2/4	1	1	1/32		1/32	1	472				
21	21	13/32	13/32	2/4	1	1	1/32		1/32	1	473				
21	21	7/16	7/16	2/4	1	1	1/32		1/32	1	474				
21	21	15/32	15/32	2/4	1	1	1/32		1/32	1	475				
21	21	0	0	2/4	2	1	0					pp			
21	21	0	0	2/4	2	1	1/8		1/8	1	476				
21	21	1/8	1/8	2/4	2	1	1/16		1/16	1	477				
21	21	3/16	3/16	2/4	2	1	1/16		1/16	1	478				
21	21	1/4	1/4	2/4	2	1	1/8		1/8	1	479				
21	21	3/8	3/8	2/4	2	1	1/16		1/16	1	480				
21	21	7/16	7/16	2/4	2	1	1/16		1/16	1	481				
22	22	0	0	2/4	1	1	1/32		1/32	1	482				
22	22	1/32	1/32	2/4	1	1	1/32		1/32	1	483				
22	22	1/16	1/16	2/4	1	1	1/32		1/32	1	484				
22	22	3/32	3/32	2/4	1	1	1/32		1/32	1	485				
22	22	1/8	1/8	2/4	1	1	1/32		1/32	1	486				
22	22	5/32	5/32	2/4	1	1	1/32		1/32	1	487				
22	22	3/16	3/16	2/4	1	1	1/32		1/32	1	488				
22	22	7/32	7/32	2/4	1	1	1/32		1/32	1	489				
22	22	1/4	1/4	2/4	1	1	1/32		1/32	1	490				
22	22	9/32	9/32	2/4	1	1	1/32		1/32	1	491				
22	22	5/16	5/16	2/4	1	1	1/32		1/32	1	492				
22	22	11/32	11/32	2/4	1	1	1/32		1/32	1	493				
22	22	3/8	3/8	2/4	1	1	1/32		1/32	1	494				
22	22	13/32	13/32	2/4	1	1	1/32		1/32	1	495				
22	22	7/16	7/16	2/4	1	1	1/32		1/32	1	496				
22	22	15/32	15/32	2/4	1	1	1/32		1/32	1	497				
22	22	0	0	2/4	2	1	1/16		1/16	1	498				
22	22	1/16	1/16	2/4	2	1	1/16		1/16	1	499				
22	22	1/8	1/8	2/4	2	1	1/16		1/16	1	500				
22	22	3/16	3/16	2/4	2	1	1/16		1/16	1	501				
22	22	1/4	1/4	2/4	2	1	1/32		1/32	1	502				
22	22	9/32	9/32	2/4	2	1	1/32		1/32	1	503				
22	22	5/16	5/16	2/4	2	1	1/32		1/32	1	504				
22	22	11/32	11/32	2/4	2	1	1/32		1/32	1	505				
22	22	3/8	3/8	2/4	2	1	1/32		1/32	1	506				
22	22	13/32	13/32	2/4	2	1	1/32		1/32	1	507				
22	22	7/16	7/16	2/4	2	1	1/32		1/32	1	508				
22	22	15/32	15/32	2/4	2	1	1/32		1/32	1	509				
22	22	1/4	1/4	2/4	3	1	0					p			
22	22	1/4	1/4	2/4	3	1	1/16		1/16	1	510				
22	22	5/16	5/16	2/4	3	1	1/16		1/16	1	511				
22	22	3/8	3/8	2/4	3	1	1/16		1/16	1	512				
22	22	7/16	7/16	2/4	3	1	1/16		1/16	1	513				
22	22	1/4	1/4	2/4	4	1	0					p			
22	22	1/4	1/4	2/4	4	1	1/16		1/16	1	514				
22	22	5/16	5/16	2/4	4	1	1/16		1/16	1	515				
22	22	3/8	3/8	2/4	4	1	1/16		1/16	1	516				
22	22	7/16	7/16	2/4	4	1	1/16		1/16	1	517				
23	23	0	0	2/4	1	1	0						cresc.		
23	23	0	0	2/4	1	1	1/32		1/32	1	518				
23	23	1/32	1/32	2/4	1	1	1/32		1/32	1	519				
23	23	1/16	1/16	2/4	1	1	1/32		1/32	1	520				
23	23	3/32	3/32	2/4	1	1	1/32		1/32	1	521				
23	23	1/8	1/8	2/4	1	1	1/32		1/32	1	522				
23	23	5/32	5/32	2/4	1	1	1/32		1/32	1	523				
23	23	3/16	3/16	2/4	1	1	1/32		1/32	1	524				
23	23	7/32	7/32	2/4	1	1	1/32		1/32	1	525				
23	23	1/4	1/4	2/4	1	1	1/32		1/32	1	526				
23	23	9/32	9/32	2/4	1	1	1/32		1/32	1	527				
23	23	5/16	5/16	2/4	1	1	1/32		1/32	1	528				
23	23	11/32	11/32	2/4	1	1	1/32		1/32	1	529				
23	23	3/8	3/8	2/4	1	1	1/32		1/32	1	530				
23	23	13/32	13/32	2/4	1	1	1/32		1/32	1	531				
23	23	7/16	7/16	2/4	1	1	1/32		1/32	1	532				
23	23	15/32	15/32	2/4	1	1	1/32		1/32	1	533				
23	23	0	0	2/4	2	1	0						cresc.		
23	23	0	0	2/4	2	1	1/32		1/32	1	534				
23	23	1/32	1/32	2/4	2	1	1/32		1/32	1	535				
23	23	1/16	1/16	2/4	2	1	1/32		1/32	1	536				
23	23	3/32	3/32	2/4	2	1	1/32		1/32	1	537				
23	23	1/8	1/8	2/4	2	1	1/32		1/32	1	538				
23	23	5/32	5/32	2/4	2	1	1/32		1/32	1	539				
23	23	3/16	3/16	2/4	2	1	1/32		1/32	1	540				
23	23	7/32	7/32	2/4	2	1	1/32		1/32	1	541				
23	23	1/4	1/4	2/4	2	1	1/32		1/32	1	542				
23	23	9/32	9/32	2/4	2	1	1/32		1/32	1	543				
23	23	5/16	5/16	2/4	2	1	1/32		1/32	1	544				
23	23	11/32	11/32	2/4	2	1	1/32		1/32	1	545				
23	23	3/8	3/8	2/4	2	1	1/32		1/32	1	546				
23	23	13/32	13/32	2/4	2	1	1/32		1/32	1	547				
23	23	7/16	7/16	2/4	2	1	1/32		1/32	1	548				
23	23	15/32	15/32	2/4	2	1	1/32		1/32	1	549				
23	23	0	0	2/4	3	1	0						cresc.		
23	23	0	0	2/4	3	1	1/8		1/8	1	550				
23	23	1/8	1/8	2/4	3	1	1/16		1/16	1	551				
23	23	3/16	3/16	2/4	3	1	1/16		1/16	1	552				
23	23	1/4	1/4	2/4	3	1	1/16		1/16	1	553				
23	23	5/16	5/16	2/4	3	1	1/16		1/16	1	554				
23	23	3/8	3/8	2/4	3	1	1/16		1/16	1	555				
23	23	7/16	7/16	2/4	3	1	1/16		1/16	1	556				
23	23	0	0	2/4	4	1	0						cresc.		
23	23	0	0	2/4	4	1	1/8		1/8	1	557				
23	23	1/8	1/8	2/4	4	1	1/16		1/16	1	558				
23	23	3/16	3/16	2/4	4	1	1/16		1/16	1	559				
23	23	1/4	1/4	2/4	4	1	1/16		1/16	1	560				
23	23	5/16	5/16	2/4	4	1	1/16		1/16	1	561				
23	23	3/8	3/8	2/4	4	1	1/16		1/16	1	562				
23	23	7/16	7/16	2/4	4	1	1/16		1/16	1	563				
24	24	0	0	2/4	1	1	0					p			
24	24	0	0	2/4	1	1	1/32		1/32	1	564				
24	24	1/32	1/32	2/4	1	1	1/32		1/32	1	565				
24	24	1/16	1/16	2/4	1	1	1/32		1/32	1	566				
24	24	3/32	3/32	2/4	1	1	1/32		1/32	1	567				
24	24	1/8	1/8	2/4	1	1	1/32		1/32	1	568				
24	24	5/32	5/32	2/4	1	1	1/32		1/32	1	569				
24	24	3/16	3/16	2/4	1	1	1/32		1/32	1	570				
24	24	7/32	7/32	2/4	1	1	1/32		1/32	1	571				
24	24	1/4	1/4	2/4	1	1	1/8		1/8	1	572				
24	24	0	0	2/4	2	1	0					p			
24	24	0	0	2/4	2	1	1/32		1/32	1	573				
24	24	1/32	1/32	2/4	2	1	1/32		1/32	1	574				
24	24	1/16	1/16	2/4	2	1	1/32		1/32	1	575				
24	24	3/32	3/32	2/4	2	1	1/32		1/32	1	576				
24	24	1/8	1/8	2/4	2	1	1/32		1/32	1	577				
24	24	5/32	5/32	2/4	2	1	1/32		1/32	1	578				
24	24	3/16	3/16	2/4	2	1	1/32		1/32	1	579				
24	24	7/32	7/32	2/4	2	1	1/32		1/32	1	580				
24	24	1/4	1/4	2/4	2	1	1/8		1/8	1	581				
24	24	0	0	2/4	3	1	0					p			
24	24	0	0	2/4	3	1	1/16		1/16	1	582				
24	24	1/8	1/8	2/4	3	1	1/16		1/16	1	583				
24	24	1/4	1/4	2/4	3	1	1/8		1/8	1	584				
24	24	0	0	2/4	4	1	0					p			
24	24	0	0	2/4	4	1	1/16		1/16	1	585				
24	24	1/8	1/8	2/4	4	1	1/16		1/16	1	586				
24	24	1/4	1/4	2/4	4	1	1/8		1/8	1	587				
24	24	7/16	7/16	2/4	4	1	1/16		1/16	1	588				
25	25	3/16	3/16	2/4	1	1	1/16		1/16	1	589				
25	25	1/4	1/4	2/4	1	1	1/16		1/16	1	590				
25	25	5/16	5/16	2/4	1	1	1/32		1/32	1	591				
25	25	3/8	3/8	2/4	1	1	1/16		1/16	1	592				
25	25	7/16	7/16	2/4	1	1	1/32		1/32	1	593				
25	25	1/8	1/8	2/4	2	1	0					fp			
25	25	1/8	1/8	2/4	2	1	1/8		1/8	1	594				
25	25	1/4	1/4	2/4	2	1	0					sf			
25	25	1/4	1/4	2/4	2	1	0					sf			
25	25	1/4	1/4	2/4	2	1	1/16		1/16	1	595				
25	25	5/16	5/16	2/4	2	1	1/32		1/32	1	596				
25	25	3/8	3/8	2/4	2	1	0					sf			
25	25	3/8	3/8	2/4	2	1	0					sf			
25	25	3/8	3/8	2/4	2	1	1/16		1/16	1	597				
25	25	7/16	7/16	2/4	2	1	1/32		1/32	1	598				
25	25	3/16	3/16	2/4	3	1	1/16		1/16	1	599				
25	25	1/4	1/4	2/4	3	1	1/16		1/16	1	600				
25	25	5/16	5/16	2/4	3	1	1/32		1/32	1	601				
25	25	3/8	3/8	2/4	3	1	0					sf			
25	25	3/8	3/8	2/4	3	1	1/16		1/16	1	602				
25	25	7/16	7/16	2/4	3	1	1/32		1/32	1	603				
25	25	0	0	2/4	4	1	0					fp			
25	25	0	0	2/4	4	1	1/8		1/8	1	604				
25	25	1/8	1/8	2/4	4	1	1/16		1/16	1	605				
25	25	3/16	3/16	2/4	4	1	1/16		1/16	1	606				
25	25	1/4	1/4	2/4	4	1	0					sf			
25	25	1/4	1/4	2/4	4	1	0					sf			
25	25	1/4	1/4	2/4	4	1	1/16		1/16	1	607				
25	25	5/16	5/16	2/4	4	1	1/32		1/32	1	608				
25	25	3/8	3/8	2/4	4	1	0					sf			
25	25	3/8	3/8	2/4	4	1	1/16		1/16	1	609				
25	25	7/16	7/16	2/4	4	1	1/32		1/32	1	610				
26	26	3/16	3/16	2/4	1	1	1/16		1/16	1	611				
26	26	1/4	1/4	2/4	1	1	0					sf			
26	26	1/4	1/4	2/4	1	1	1/16		1/16	1	612				
26	26	5/16	5/16	2/4	1	1	0						cresc.		
26	26	5/16	5/16	2/4	1	1	1/32		1/32	1	613				
26	26	3/8	3/8	2/4	1	1	1/16		1/16	1	614				
26	26	7/16	7/16	2/4	1	1	1/32		1/32	1	615				
26	26	1/8	1/8	2/4	2	1	0					fp			
26	26	1/8	1/8	2/4	2	1	1/8		1/8	1	616				
26	26	1/4	1/4	2/4	2	1	0						cresc.		
26	26	1/4	1/4	2/4	2	1	1/16		1/16	1	617				
26	26	5/16	5/16	2/4	2	1	1/32		1/32	1	618				
26	26	3/8	3/8	2/4	2	1	1/16		1/16	1	619				
26	26	7/16	7/16	2/4	2	1	1/32		1/32	1	620				
26	26	3/16	3/16	2/4	3	1	1/16		1/16	1	621				
26	26	1/4	1/4	2/4	3	1	0						cresc.		
26	26	1/4	1/4	2/4	3	1	1/16		1/16	1	622				
26	26	5/16	5/16	2/4	3	1	1/32		1/32	1	623				
26	26	3/8	3/8	2/4	3	1	1/16		1/16	1	624				
26	26	7/16	7/16	2/4	3	1	1/32		1/32	1	625				
26	26	0	0	2/4	4	1	0					fp			
26	26	0	0	2/4	4	1	1/8		1/8	1	626				
26	26	1/8	1/8	2/4	4	1	1/16		1/16	1	627				
26	26	3/16	3/16	2/4	4	1	1/16		1/16	1	628				
26	26	1/4	1/4	2/4	4	1	0						cresc.		
26	26	1/4	1/4	2/4	4	1	1/16		1/16	1	629				
26	26	5/16	5/16	2/4	4	1	1/32		1/32	1	630				
26	26	3/8	3/8	2/4	4	1	1/16		1/16	1	631				
26	26	7/16	7/16	2/4	4	1	1/32		1/32	1	632				
27	27	0	0	2/4	1	1	0					fp			
27	27	0	0	2/4	1	1	1/16		1/16	1	633				
27	27	1/16	1/16	2/4	1	1	1/16		1/16	1	634				
27	27	1/8	1/8	2/4	1	1	1/16		1/16	1	635				
27	27	3/16	3/16	2/4	1	1	0						decresc.		
27	27	3/16	3/16	2/4	1	1	1/16		1/16	1	636				
27	27	1/4	1/4	2/4	1	1	1/16		1/16	1	637				
27	27	5/16	5/16	2/4	1	1	1/16		1/16	1	638				
27	27	3/8	3/8	2/4	1	1	1/16		1/16	1	639				
27	27	7/16	7/16	2/4	1	1	1/16		1/16	1	640				
27	27	0	0	2/4	2	1	0					fp			
27	27	0	0	2/4	2	1	1/16		1/16	1	641				
27	27	1/16	1/16	2/4	2	1	1/16		1/16	1	642				
27	27	1/8	1/8	2/4	2	1	1/16		1/16	1	643				
27	27	3/16	3/16	2/4	2	1	1/16		1/16	1	644				
27	27	1/4	1/4	2/4	2	1	1/16		1/16	1	645				
27	27	5/16	5/16	2/4	2	1	1/16		1/16	1	646				
27	27	3/8	3/8	2/4	2	1	1/16		1/16	1	647				
27	27	7/16	7/16	2/4	2	1	1/16		1/16	1	648				
27	27	0	0	2/4	3	1	0					fp			
27	27	0	0	2/4	3	1	3/16		1/8	3/2	649				
27	27	3/16	3/16	2/4	3	1	0						decresc.		
27	27	3/16	3/16	2/4	3	1	1/16		1/16	1	650				
27	27	1/4	1/4	2/4	3	1	1/16		1/16	1	651				
27	27	5/16	5/16	2/4	3	1	1/16		1/16	1	652				
27	27	3/8	3/8	2/4	3	1	1/16		1/16	1	653				
27	27	7/16	7/16	2/4	3	1	1/16		1/16	1	654				
27	27	0	0	2/4	4	1	0					fp			
27	27	0	0	2/4	4	1	1/16		1/16	1	655				
27	27	1/16	1/16	2/4	4	1	1/16		1/16	1	656				
27	27	1/8	1/8	2/4	4	1	1/16		1/16	1	657				
27	27	3/16	3/16	2/4	4	1	0						decresc.		
27	27	3/16	3/16	2/4	4	1	0						decresc.		
27	27	3/16	3/16	2/4	4	1	1/16		1/16	1	658				
27	27	1/4	1/4	2/4	4	1	1/16		1/16	1	659				
27	27	5/16	5/16	2/4	4	1	1/16		1/16	1	660				
27	27	3/8	3/8	2/4	4	1	1/16		1/16	1	661				
27	27	7/16	7/16	2/4	4	1	1/16		1/16	1	662				
28	28	0	0	2/4	1	1	0					pp			
28	28	0	0	2/4	1	1	1/16		1/16	1	663				
28	28	1/8	1/8	2/4	1	1	1/16		1/16	1	664				
28	28	1/4	1/4	2/4	1	1	1/8		1/8	1	665				
28	28	0	0	2/4	2	1	0					pp			
28	28	0	0	2/4	2	1	1/16		1/16	1	666				
28	28	1/8	1/8	2/4	2	1	1/16		1/16	1	667				
28	28	1/4	1/4	2/4	2	1	1/8		1/8	1	668				
28	28	0	0	2/4	3	1	0					pp			
28	28	0	0	2/4	3	1	1/16		1/16	1	669				
28	28	1/8	1/8	2/4	3	1	1/16		1/16	1	670				
28	28	1/4	1/4	2/4	3	1	1/8		1/8	1	671				
28	28	0	0	2/4	4	1	0					pp			
28	28	0	0	2/4	4	1	1/16		1/16	1	672				
28	28	1/8	1/8	2/4	4	1	1/16		1/16	1	673				
28	28	1/4	1/4	2/4	4	1	1/8		1/8	1	674				
28	28	7/16	7/16	2/4	4	1	1/16		1/16	1	675				
29	29	3/16	3/16	2/4	1	1	1/32		1/32	1	676				
29	29	7/32	7/32	2/4	1	1	1/32		1/32	1	677				
29	29	1/4	1/4	2/4	1	1	0					sf			
29	29	1/4	1/4	2/4	1	1	1/32		1/32	1	678				
29	29	9/32	9/32	2/4	1	1	1/32		1/32	1	679				
29	29	5/16	5/16	2/4	1	1	1/32		1/32	1	680				
29	29	11/32	11/32	2/4	1	1	1/32		1/32	1	681				
29	29	3/8	3/8	2/4	1	1	0					sf			
29	29	3/8	3/8	2/4	1	1	1/32		1/32	1	682				
29	29	13/32	13/32	2/4	1	1	1/32		1/32	1	683				
29	29	7/16	7/16	2/4	1	1	1/32		1/32	1	684				
29	29	15/32	15/32	2/4	1	1	1/32		1/32	1	685				
29	29	1/32	1/32	2/4	2	1	1/32		1/32	1	686				
29	29	1/16	1/16	2/4	2	1	1/32		1/32	1	687				
29	29	3/32	3/32	2/4	2	1	1/32		1/32	1	688				
29	29	1/8	1/8	2/4	2	1	1/32		1/32	1	689				
29	29	5/32	5/32	2/4	2	1	1/32		1/32	1	690				
29	29	3/16	3/16	2/4	2	1	1/32		1/32	1	691				
29	29	7/32	7/32	2/4	2	1	1/32		1/32	1	692				
29	29	1/4	1/4	2/4	2	1	0					sf			
29	29	1/4	1/4	2/4	2	1	1/32		1/32	1	693				
29	29	9/32	9/32	2/4	2	1	1/32		1/32	1	694				
29	29	5/16	5/16	2/4	2	1	1/32		1/32	1	695				
29	29	11/32	11/32	2/4	2	1	1/32		1/32	1	696				
29	29	3/8	3/8	2/4	2	1	0					sf			
29	29	3/8	3/8	2/4	2	1	1/32		1/32	1	697				
29	29	13/32	13/32	2/4	2	1	1/32		1/32	1	698				
29	29	7/16	7/16	2/4	2	1	1/32		1/32	1	699				
29	29	15/32	15/32	2/4	2	1	1/32		1/32	1	700				
29	29	0	0	2/4	3	1	0					fp			
29	29	0	0	2/4	3	1	3/16		1/8	3/2	701				
29	29	3/16	3/16	2/4	3	1	1/32		1/32	1	702				
29	29	7/32	7/32	2/4	3	1	1/32		1/32	1	703				
29	29	1/4	1/4	2/4	3	1	0					sf			
29	29	1/4	1/4	2/4	3	1	1/32		1/32	1	704				
29	29	9/32	9/32	2/4	3	1	1/32		1/32	1	705				
29	29	5/16	5/16	2/4	3	1	1/32		1/32	1	706				
29	29	11/32	11/32	2/4	3	1	1/32		1/32	1	707				
29	29	3/8	3/8	2/4	3	1	0					sf			
29	29	3/8	3/8	2/4	3	1	1/32		1/32	1	708				
29	29	13/32	13/32	2/4	3	1	1/32		1/32	1	709				
29	29	7/16	7/16	2/4	3	1	1/32		1/32	1	710				
29	29	15/32	15/32	2/4	3	1	1/32		1/32	1	711				
29	29	0	0	2/4	4	1	0					fp			
29	29	0	0	2/4	4	1	1/8		1/8	1	712				
29	29	1/8	1/8	2/4	4	1	1/16		1/16	1	713				
29	29	3/16	3/16	2/4	4	1	1/16		1/16	1	714				
29	29	1/4	1/4	2/4	4	1	0					sf			
29	29	1/4	1/4	2/4	4	1	1/16		1/16	1	715				
29	29	5/16	5/16	2/4	4	1	1/32		1/32	1	716				
29	29	3/8	3/8	2/4	4	1	0					sf			
29	29	3/8	3/8	2/4	4	1	1/16		1/16	1	717				
29	29	7/16	7/16	2/4	4	1	1/32		1/32	1	718				
30	30	3/16	3/16	2/4	1	1	1/32		1/32	1	719				
30	30	7/32	7/32	2/4	1	1	1/32		1/32	1	720				
30	30	1/4	1/4	2/4	1	1	0					sf			
30	30	1/4	1/4	2/4	1	1	1/32		1/32	1	721				
30	30	9/32	9/32	2/4	1	1	1/32		1/32	1	722				
30	30	5/16	5/16	2/4	1	1	1/32		1/32	1	723				
30	30	11/32	11/32	2/4	1	1	1/32		1/32	1	724				
30	30	3/8	3/8	2/4	1	1	0					sf			
30	30	3/8	3/8	2/4	1	1	1/32		1/32	1	725				
30	30	13/32	13/32	2/4	1	1	1/32		1/32	1	726				
30	30	7/16	7/16	2/4	1	1	1/32		1/32	1	727				
30	30	15/32	15/32	2/4	1	1	1/32		1/32	1	728				
30	30	1/32	1/32	2/4	2	1	1/32		1/32	1	729				
30	30	1/16	1/16	2/4	2	1	1/32		1/32	1	730				
30	30	3/32	3/32	2/4	2	1	1/32		1/32	1	731				
30	30	1/8	1/8	2/4	2	1	1/32		1/32	1	732				
30	30	5/32	5/32	2/4	2	1	1/32		1/32	1	733				
30	30	3/16	3/16	2/4	2	1	1/32		1/32	1	734				
30	30	7/32	7/32	2/4	2	1	1/32		1/32	1	735				
30	30	1/4	1/4	2/4	2	1	0					sf			
30	30	1/4	1/4	2/4	2	1	1/32		1/32	1	736				
30	30	9/32	9/32	2/4	2	1	1/32		1/32	1	737				
30	30	5/16	5/16	2/4	2	1	1/32		1/32	1	738				
30	30	11/32	11/32	2/4	2	1	1/32		1/32	1	739				
30	30	3/8	3/8	2/4	2	1	0					sf			
30	30	3/8	3/8	2/4	2	1	1/32		1/32	1	740				
30	30	13/32	13/32	2/4	2	1	1/32		1/32	1	741				
30	30	7/16	7/16	2/4	2	1	1/32		1/32	1	742				
30	30	15/32	15/32	2/4	2	1	1/32		1/32	1	743				
30	30	0	0	2/4	3	1	0					fp			
30	30	0	0	2/4	3	1	3/16		1/8	3/2	744				
30	30	3/16	3/16	2/4	3	1	1/32		1/32	1	745				
30	30	7/32	7/32	2/4	3	1	1/32		1/32	1	746				
30	30	1/4	1/4	2/4	3	1	0					sf			
30	30	1/4	1/4	2/4	3	1	1/32		1/32	1	747				
30	30	9/32	9/32	2/4	3	1	1/32		1/32	1	748				
30	30	5/16	5/16	2/4	3	1	1/32		1/32	1	749				
30	30	11/32	11/32	2/4	3	1	1/32		1/32	1	750				
30	30	3/8	3/8	2/4	3	1	0					sf			
30	30	3/8	3/8	2/4	3	1	1/32		1/32	1	751				
30	30	13/32	13/32	2/4	3	1	1/32		1/32	1	752				
30	30	7/16	7/16	2/4	3	1	1/32		1/32	1	753				
30	30	15/32	15/32	2/4	3	1	1/32		1/32	1	754				
30	30	0	0	2/4	4	1	0					fp			
30	30	0	0	2/4	4	1	1/8		1/8	1	755				
30	30	1/8	1/8	2/4	4	1	1/16		1/16	1	756				
30	30	3/16	3/16	2/4	4	1	1/16		1/16	1	757				
30	30	1/4	1/4	2/4	4	1	0					sf			
30	30	1/4	1/4	2/4	4	1	1/16		1/16	1	758				
30	30	5/16	5/16	2/4	4	1	1/32		1/32	1	759				
30	30	3/8	3/8	2/4	4	1	0					sf			
30	30	3/8	3/8	2/4	4	1	1/16		1/16	1	760				
30	30	7/16	7/16	2/4	4	1	1/16		1/16	1	761				
31	31	0	0	2/4	1	1	0					fp			
31	31	0	0	2/4	1	1	1/32		1/32	1	762				
31	31	1/32	1/32	2/4	1	1	1/32		1/32	1	763				
31	31	1/16	1/16	2/4	1	1	1/32		1/32	1	764				
31	31	3/32	3/32	2/4	1	1	1/32		1/32	1	765				
31	31	1/8	1/8	2/4	1	1	1/32		1/32	1	766				
31	31	5/32	5/32	2/4	1	1	1/32		1/32	1	767				
31	31	3/16	3/16	2/4	1	1	1/32		1/32	1	768				
31	31	7/32	7/32	2/4	1	1	1/32		1/32	1	769				
31	31	1/4	1/4	2/4	1	1	1/32		1/32	1	770				
31	31	9/32	9/32	2/4	1	1	1/32		1/32	1	771				
31	31	5/16	5/16	2/4	1	1	1/32		1/32	1	772				
31	31	11/32	11/32	2/4	1	1	1/32		1/32	1	773				
31	31	3/8	3/8	2/4	1	1	1/32		1/32	1	774				
31	31	13/32	13/32	2/4	1	1	1/32		1/32	1	775				
31	31	7/16	7/16	2/4	1	1	1/32		1/32	1	776				
31	31	15/32	15/32	2/4	1	1	1/32		1/32	1	777				
31	31	0	0	2/4	2	1	0					fp			
31	31	0	0	2/4	2	1	1/32		1/32	1	778				
31	31	1/32	1/32	2/4	2	1	1/32		1/32	1	779				
31	31	1/16	1/16	2/4	2	1	1/32		1/32	1	780				
31	31	3/32	3/32	2/4	2	1	1/32		1/32	1	781				
31	31	1/8	1/8	2/4	2	1	1/32		1/32	1	782				
31	31	5/32	5/32	2/4	2	1	1/32		1/32	1	783				
31	31	3/16	3/16	2/4	2	1	1/32		1/32	1	784				
31	31	7/32	7/32	2/4	2	1	1/32		1/32	1	785				
31	31	1/4	1/4	2/4	2	1	1/32		1/32	1	786				
31	31	9/32	9/32	2/4	2	1	1/32		1/32	1	787				
31	31	5/16	5/16	2/4	2	1	1/32		1/32	1	788				
31	31	11/32	11/32	2/4	2	1	1/32		1/32	1	789				
31	31	3/8	3/8	2/4	2	1	1/32		1/32	1	790				
31	31	13/32	13/32	2/4	2	1	1/32		1/32	1	791				
31	31	7/16	7/16	2/4	2	1	1/32		1/32	1	792				
31	31	15/32	15/32	2/4	2	1	1/32		1/32	1	793				
31	31	0	0	2/4	3	1	0					fp			
31	31	0	0	2/4	3	1	1/8		1/8	1	794				
31	31	1/8	1/8	2/4	3	1	1/16		1/16	1	795				
31	31	3/16	3/16	2/4	3	1	1/16		1/16	1	796				
31	31	1/4	1/4	2/4	3	1	1/16		1/16	1	797				
31	31	5/16	5/16	2/4	3	1	1/16		1/16	1	798				
31	31	3/8	3/8	2/4	3	1	1/16		1/16	1	799				
31	31	7/16	7/16	2/4	3	1	1/16		1/16	1	800				
31	31	0	0	2/4	4	1	0					fp			
31	31	0	0	2/4	4	1	1/16		1/16	1	801				
31	31	1/16	1/16	2/4	4	1	1/16		1/16	1	802				
31	31	1/8	1/8	2/4	4	1	1/16		1/16	1	803				
31	31	3/16	3/16	2/4	4	1	1/16		1/16	1	804				
31	31	1/4	1/4	2/4	4	1	1/16		1/16	1	805				
31	31	5/16	5/16	2/4	4	1	1/16		1/16	1	806				
31	31	3/8	3/8	2/4	4	1	1/16		1/16	1	807				
31	31	7/16	7/16	2/4	4	1	1/16		1/16	1	808				
32	32	0	0	2/4	1	1	0					pp			
32	32	0	0	2/4	1	1	1/16		1/16	1	809				
32	32	1/8	1/8	2/4	1	1	1/16		1/16	1	810				
32	32	1/4	1/4	2/4	1	1	1/8		1/8	1	811				
32	32	0	0	2/4	2	1	0					pp			
32	32	0	0	2/4	2	1	1/16		1/16	1	812				
32	32	1/8	1/8	2/4	2	1	1/16		1/16	1	813				
32	32	1/4	1/4	2/4	2	1	1/8		1/8	1	814				
32	32	7/16	7/16	2/4	2	1	1/16		1/16	1	815				
32	32	0	0	2/4	3	1	0					pp			
32	32	0	0	2/4	3	1	1/16		1/16	1	816				
32	32	1/8	1/8	2/4	3	1	1/16		1/16	1	817				
32	32	1/4	1/4	2/4	3	1	1/8		1/8	1	818				
32	32	0	0	2/4	4	1	0					pp			
32	32	0	0	2/4	4	1	1/16		1/16	1	819				
32	32	1/8	1/8	2/4	4	1	1/16		1/16	1	820				
32	32	1/4	1/4	2/4	4	1	1/8		1/8	1	821				
33	33	1/32	1/32	2/4	1	1	0					pp			
33	33	1/32	1/32	2/4	1	1	1/32		1/32	1	822				
33	33	1/16	1/16	2/4	1	1	1/32		1/32	1	823				
33	33	3/32	3/32	2/4	1	1	1/32		1/32	1	824				
33	33	1/8	1/8	2/4	1	1	1/32		1/32	1	825				
33	33	5/32	5/32	2/4	1	1	1/32		1/32	1	826				
33	33	3/16	3/16	2/4	1	1	1/32		1/32	1	827				
33	33	7/32	7/32	2/4	1	1	1/32		1/32	1	828				
33	33	1/4	1/4	2/4	1	1	1/32		1/32	1	829				
33	33	9/32	9/32	2/4	1	1	1/32		1/32	1	830				
33	33	5/16	5/16	2/4	1	1	1/32		1/32	1	831				
33	33	11/32	11/32	2/4	1	1	1/32		1/32	1	832				
33	33	3/8	3/8	2/4	1	1	1/32		1/32	1	833				
33	33	13/32	13/32	2/4	1	1	1/32		1/32	1	834				
33	33	7/16	7/16	2/4	1	1	1/32		1/32	1	835				
33	33	15/32	15/32	2/4	1	1	1/32		1/32	1	836				
33	33	0	0	2/4	2	1	0					pp			
33	33	0	0	2/4	2	1	1/16		1/16	1	837				
33	33	1/16	1/16	2/4	2	1	1/16		1/16	1	838				
33	33	1/8	1/8	2/4	2	1	1/16		1/16	1	839				
33	33	3/16	3/16	2/4	2	1	1/16		1/16	1	840				
33	33	1/4	1/4	2/4	2	1	1/16		1/16	1	841				
33	33	5/16	5/16	2/4	2	1	1/16		1/16	1	842				
33	33	3/8	3/8	2/4	2	1	1/16		1/16	1	843				
33	33	7/16	7/16	2/4	2	1	1/16		1/16	1	844				
33	33	0	0	2/4	3	1	0					pp			
33	33	0	0	2/4	3	1	1/16		1/16	1	845				
33	33	1/16	1/16	2/4	3	1	1/16		1/16	1	846				
33	33	1/8	1/8	2/4	3	1	1/16		1/16	1	847				
33	33	3/16	3/16	2/4	3	1	1/16		1/16	1	848				
33	33	1/4	1/4	2/4	3	1	1/16		1/16	1	849				
33	33	5/16	5/16	2/4	3	1	1/16		1/16	1	850				
33	33	3/8	3/8	2/4	3	1	1/16		1/16	1	851				
33	33	7/16	7/16	2/4	3	1	1/16		1/16	1	852				
34	34	0	0	2/4	1	1	1/8		1/8	1	853				
34	34	1/4	1/4	2/4	1	1	0					pp			
34	34	1/4	1/4	2/4	1	1	1/16		1/16	1	854				
34	34	3/8	3/8	2/4	1	1	1/16		1/16	1	855				
34	34	0	0	2/4	2	1	1/8		1/8	1	856				
34	34	1/4	1/4	2/4	2	1	0					pp			
34	34	1/4	1/4	2/4	2	1	1/16		1/16	1	857				
34	34	3/8	3/8	2/4	2	1	1/16		1/16	1	858				
34	34	0	0	2/4	3	1	1/8		1/8	1	859				
34	34	1/4	1/4	2/4	3	1	0					pp			
34	34	1/4	1/4	2/4	3	1	1/16		1/16	1	860				
34	34	3/8	3/8	2/4	3	1	1/16		1/16	1	861				
34	34	1/4	1/4	2/4	4	1	0					pp			
34	34	1/4	1/4	2/4	4	1	1/16		1/16	1	862				
34	34	3/8	3/8	2/4	4	1	1/16		1/16	1	863				
35	35	0	0	2/4	1	1	1/8		1/8	1	864				
35	35	1/4	1/4	2/4	1	1	1/16		1/16	1	865				
35	35	5/16	5/16	2/4	1	1	1/16		1/16	1	866				
35	35	3/8	3/8	2/4	1	1	1/16		1/16	1	867				
35	35	7/16	7/16	2/4	1	1	1/64		1/64	1	868				
35	35	29/64	29/64	2/4	1	1	1/64		1/64	1	869				
35	35	15/32	15/32	2/4	1	1	1/64		1/64	1	870				
35	35	31/64	31/64	2/4	1	1	1/64		1/64	1	871				
35	35	0	0	2/4	2	1	1/8		1/8	1	872				
35	35	1/4	1/4	2/4	2	1	1/16		1/16	1	873				
35	35	5/16	5/16	2/4	2	1	1/16		1/16	1	874				
35	35	3/8	3/8	2/4	2	1	1/16		1/16	1	875				
35	35	7/16	7/16	2/4	2	1	1/64		1/64	1	876				
35	35	29/64	29/64	2/4	2	1	1/64		1/64	1	877				
35	35	15/32	15/32	2/4	2	1	1/64		1/64	1	878				
35	35	31/64	31/64	2/4	2	1	1/64		1/64	1	879				
35	35	0	0	2/4	3	1	1/16		1/16	1	880				
35	35	1/16	1/16	2/4	3	1	1/16		1/16	1	881				
35	35	1/8	1/8	2/4	3	1	1/16		1/16	1	882				
35	35	3/16	3/16	2/4	3	1	1/64		1/64	1	883				
35	35	13/64	13/64	2/4	3	1	1/64		1/64	1	884				
35	35	7/32	7/32	2/4	3	1	1/64		1/64	1	885				
35	35	15/64	15/64	2/4	3	1	1/64		1/64	1	886				
35	35	1/4	1/4	2/4	3	1	1/4		1/4	1	887				
35	35	0	0	2/4	4	1	1/8		1/8	1	888				
35	35	1/4	1/4	2/4	4	1	1/8		1/8	1	889				
36	36	0	0	2/4	1	1	1/16		1/16	1	890				
36	36	1/4	1/4	2/4	1	1	1/16		1/16	1	891				
36	36	5/16	5/16	2/4	1	1	1/16		1/16	1	892				
36	36	3/8	3/8	2/4	1	1	1/16		1/16	1	893				
36	36	7/16	7/16	2/4	1	1	1/64		1/64	1	894				
36	36	29/64	29/64	2/4	1	1	1/64		1/64	1	895				
36	36	15/32	15/32	2/4	1	1	1/64		1/64	1	896				
36	36	31/64	31/64	2/4	1	1	1/64		1/64	1	897				
36	36	0	0	2/4	2	1	1/16		1/16	1	898				
36	36	1/4	1/4	2/4	2	1	1/16		1/16	1	899				
36	36	5/16	5/16	2/4	2	1	1/16		1/16	1	900				
36	36	3/8	3/8	2/4	2	1	1/16		1/16	1	901				
36	36	7/16	7/16	2/4	2	1	1/64		1/64	1	902				
36	36	29/64	29/64	2/4	2	1	1/64		1/64	1	903				
36	36	15/32	15/32	2/4	2	1	1/64		1/64	1	904				
36	36	31/64	31/64	2/4	2	1	1/64		1/64	1	905				
36	36	0	0	2/4	3	1	1/16		1/16	1	906				
36	36	1/16	1/16	2/4	3	1	1/16		1/16	1	907				
36	36	1/8	1/8	2/4	3	1	1/16		1/16	1	908				
36	36	3/16	3/16	2/4	3	1	1/64		1/64	1	909				
36	36	13/64	13/64	2/4	3	1	1/64		1/64	1	910				
36	36	7/32	7/32	2/4	3	1	1/64		1/64	1	911				
36	36	15/64	15/64	2/4	3	1	1/64		1/64	1	912				
36	36	1/4	1/4	2/4	3	1	1/4		1/4	1	913				
36	36	0	0	2/4	4	1	1/8		1/8	1	914				
36	36	1/4	1/4	2/4	4	1	1/8		1/8	1	915				
37	37	0	0	2/4	1	1	1/16		1/16	1	916				
37	37	1/16	1/16	2/4	1	1	1/16		1/16	1	917				
37	37	3/16	3/16	2/4	1	1	1/16		1/16	1	918				
37	37	5/16	5/16	2/4	1	1	1/16		1/16	1	919				
37	37	7/16	7/16	2/4	1	1	1/16		1/16	1	920				
37	37	0	0	2/4	2	1	1/16		1/16	1	921				
37	37	1/16	1/16	2/4	2	1	1/16		1/16	1	922				
37	37	3/16	3/16	2/4	2	1	1/16		1/16	1	923				
37	37	5/16	5/16	2/4	2	1	1/16		1/16	1	924				
37	37	7/16	7/16	2/4	2	1	1/16		1/16	1	925				
37	37	0	0	2/4	3	1	1/16		1/16	1	926				
37	37	1/16	1/16	2/4	3	1	1/16		1/16	1	927				
37	37	3/16	3/16	2/4	3	1	1/16		1/16	1	928				
37	37	5/16	5/16	2/4	3	1	1/16		1/16	1	929				
37	37	7/16	7/16	2/4	3	1	1/16		1/16	1	930				
37	37	0	0	2/4	4	1	1/16		1/16	1	931				
37	37	1/8	1/8	2/4	4	1	1/16		1/16	1	932				
37	37	1/4	1/4	2/4	4	1	1/16		1/16	1	933				
37	37	3/8	3/8	2/4	4	1	1/16		1/16	1	934				
38	38	0	0	2/4	1	1	1/32		1/32	1	935				
38	38	1/16	1/16	2/4	1	1	1/32		1/32	1	936				
38	38	1/8	1/8	2/4	1	1	1/32		1/32	1	937				
38	38	3/16	3/16	2/4	1	1	1/32		1/32	1	938				
38	38	1/4	1/4	2/4	1	1	1/32		1/32	1	939				
38	38	5/16	5/16	2/4	1	1	1/32		1/32	1	940				
38	38	3/8	3/8	2/4	1	1	1/32		1/32	1	941				
38	38	7/16	7/16	2/4	1	1	1/32		1/32	1	942				
38	38	0	0	2/4	2	1	1/32		1/32	1	943				
38	38	1/16	1/16	2/4	2	1	1/32		1/32	1	944				
38	38	1/8	1/8	2/4	2	1	1/32		1/32	1	945				
38	38	3/16	3/16	2/4	2	1	1/32		1/32	1	946				
38	38	1/4	1/4	2/4	2	1	1/32		1/32	1	947				
38	38	5/16	5/16	2/4	2	1	1/32		1/32	1	948				
38	38	3/8	3/8	2/4	2	1	1/32		1/32	1	949				
38	38	7/16	7/16	2/4	2	1	1/32		1/32	1	950				
38	38	0	0	2/4	3	1	1/32		1/32	1	951				
38	38	1/16	1/16	2/4	3	1	1/32		1/32	1	952				
38	38	1/8	1/8	2/4	3	1	1/32		1/32	1	953				
38	38	3/16	3/16	2/4	3	1	1/32		1/32	1	954				
38	38	1/4	1/4	2/4	3	1	1/32		1/32	1	955				
38	38	5/16	5/16	2/4	3	1	1/32		1/32	1	956				
38	38	3/8	3/8	2/4	3	1	1/32		1/32	1	957				
38	38	7/16	7/16	2/4	3	1	1/32		1/32	1	958				
38	38	1/32	1/32	2/4	4	1	1/32		1/32	1	959				
38	38	3/32	3/32	2/4	4	1	1/32		1/32	1	960				
38	38	5/32	5/32	2/4	4	1	1/32		1/32	1	961				
38	38	7/32	7/32	2/4	4	1	1/32		1/32	1	962				
38	38	9/32	9/32	2/4	4	1	1/32		1/32	1	963				
38	38	11/32	11/32	2/4	4	1	1/32		1/32	1	964				
38	38	13/32	13/32	2/4	4	1	1/32		1/32	1	965				
38	38	15/32	15/32	2/4	4	1	1/32		1/32	1	966				
39	39	0	0	2/4	1	1	1/8		1/8	1	967				
39	39	1/8	1/8	2/4	1	1	1/8		1/8	1	968				
39	39	1/4	1/4	2/4	1	1	1/8		1/8	1	969				
39	39	3/8	3/8	2/4	1	1	1/16		1/16	1	970				
39	39	7/16	7/16	2/4	1	1	1/16		1/16	1	971				
39	39	0	0	2/4	2	1	1/8		1/8	1	972				
39	39	1/8	1/8	2/4	2	1	1/8		1/8	1	973				
39	39	1/4	1/4	2/4	2	1	1/8		1/8	1	974				
39	39	3/8	3/8	2/4	2	1	1/16		1/16	1	975				
39	39	7/16	7/16	2/4	2	1	1/16		1/16	1	976				
39	39	0	0	2/4	3	1	1/8		1/8	1	977				
39	39	1/8	1/8	2/4	3	1	1/8		1/8	1	978				
39	39	1/4	1/4	2/4	3	1	1/8		1/8	1	979				
39	39	3/8	3/8	2/4	3	1	1/16		1/16	1	980				
39	39	7/16	7/16	2/4	3	1	1/16		1/16	1	981				
39	39	1/16	1/16	2/4	4	1	1/16		1/16	1	982				
39	39	3/16	3/16	2/4	4	1	1/16		1/16	1	983				
39	39	5/16	5/16	2/4	4	1	1/16		1/16	1	984				
39	39	3/8	3/8	2/4	4	1	1/16		1/16	1	985				
39	39	7/16	7/16	2/4	4	1	1/16		1/16	1	986				
40	40	0	0	2/4	1	1	1/8		1/8	1	987				
40	40	1/8	1/8	2/4	1	1	1/8		1/8	1	988				
40	40	1/4	1/4	2/4	1	1	1/8		1/8	1	989				
40	40	3/8	3/8	2/4	1	1	1/16		1/16	1	990				
40	40	7/16	7/16	2/4	1	1	1/16		1/16	1	991				
40	40	0	0	2/4	2	1	1/8		1/8	1	992				
40	40	1/8	1/8	2/4	2	1	1/8		1/8	1	993				
40	40	1/4	1/4	2/4	2	1	1/8		1/8	1	994				
40	40	3/8	3/8	2/4	2	1	1/16		1/16	1	995				
40	40	7/16	7/16	2/4	2	1	1/16		1/16	1	996				
40	40	0	0	2/4	3	1	1/8		1/8	1	997				
40	40	1/8	1/8	2/4	3	1	1/8		1/8	1	998				
40	40	1/4	1/4	2/4	3	1	1/8		1/8	1	999				
40	40	3/8	3/8	2/4	3	1	1/16		1/16	1	1000				
40	40	7/16	7/16	2/4	3	1	1/16		1/16	1	1001				
40	40	1/16	1/16	2/4	4	1	1/16		1/16	1	1002				
40	40	3/16	3/16	2/4	4	1	1/16		1/16	1	1003				
40	40	5/16	5/16	2/4	4	1	1/16		1/16	1	1004				
40	40	3/8	3/8	2/4	4	1	1/16		1/16	1	1005				
40	40	7/16	7/16	2/4	4	1	1/16		1/16	1	1006				
41	41	0	0	2/4	1	1	0					p			
41	41	0	0	2/4	1	1	3/16		1/8	3/2	1007				
41	41	3/16	3/16	2/4	1	1	1/64		1/64	1	1008				
41	41	13/64	13/64	2/4	1	1	1/64		1/64	1	1009				
41	41	7/32	7/32	2/4	1	1	1/64		1/64	1	1010				
41	41	15/64	15/64	2/4	1	1	1/64		1/64	1	1011				
41	41	1/4	1/4	2/4	1	1	3/16		1/8	3/2	1012				
41	41	7/16	7/16	2/4	1	1	1/64		1/64	1	1013				
41	41	29/64	29/64	2/4	1	1	1/64		1/64	1	1014				
41	41	15/32	15/32	2/4	1	1	1/64		1/64	1	1015				
41	41	31/64	31/64	2/4	1	1	1/64		1/64	1	1016				
41	41	0	0	2/4	2	1	0					p			
41	41	0	0	2/4	2	1	1/16		1/16	1	1017				
41	41	1/16	1/16	2/4	2	1	1/16		1/16	1	1018				
41	41	5/16	5/16	2/4	2	1	1/16		1/16	1	1019				
41	41	0	0	2/4	3	1	0					p			
41	41	0	0	2/4	3	1	1/16		1/16	1	1020				
41	41	1/16	1/16	2/4	3	1	1/16		1/16	1	1021				
41	41	5/16	5/16	2/4	3	1	1/16		1/16	1	1022				
41	41	1/16	1/16	2/4	4	1	0					p			
41	41	1/16	1/16	2/4	4	1	1/16		1/16	1	1023				
41	41	5/16	5/16	2/4	4	1	1/16		1/16	1	1024				
42	42	0	0	2/4	1	1	3/16		1/8	3/2	1025				
42	42	3/16	3/16	2/4	1	1	1/64		1/64	1	1026				
42	42	13/64	13/64	2/4	1	1	1/64		1/64	1	1027				
42	42	7/32	7/32	2/4	1	1	1/64		1/64	1	1028				
42	42	15/64	15/64	2/4	1	1	1/64		1/64	1	1029				
42	42	1/4	1/4	2/4	1	1	1/16		1/16	1	1030				
42	42	5/16	5/16	2/4	1	1	1/64		1/64	1	1031				
42	42	21/64	21/64	2/4	1	1	1/64		1/64	1	1032				
42	42	11/32	11/32	2/4	1	1	1/64		1/64	1	1033				
42	42	23/64	23/64	2/4	1	1	1/64		1/64	1	1034				
42	42	3/8	3/8	2/4	1	1	1/16		1/16	1	1035				
42	42	7/16	7/16	2/4	1	1	1/64		1/64	1	1036				
42	42	29/64	29/64	2/4	1	1	1/64		1/64	1	1037				
42	42	15/32	15/32	2/4	1	1	1/64		1/64	1	1038				
42	42	31/64	31/64	2/4	1	1	1/64		1/64	1	1039				
42	42	1/16	1/16	2/4	2	1	1/16		1/16	1	1040				
42	42	1/4	1/4	2/4	2	1	1/16		1/16	1	1041				
42	42	3/8	3/8	2/4	2	1	1/16		1/16	1	1042				
42	42	1/16	1/16	2/4	3	1	1/16		1/16	1	1043				
42	42	1/4	1/4	2/4	3	1	1/16		1/16	1	1044				
42	42	3/8	3/8	2/4	3	1	1/16		1/16	1	1045				
42	42	1/16	1/16	2/4	4	1	1/16		1/16	1	1046				
42	42	1/4	1/4	2/4	4	1	1/16		1/16	1	1047				
42	42	3/8	3/8	2/4	4	1	1/16		1/16	1	1048				
43	43	0	0	2/4	1	1	1/48		1/32	2/3	1049				
43	43	1/48	1/48	2/4	1	1	1/48		1/32	2/3	1050				
43	43	1/24	1/24	2/4	1	1	1/48		1/32	2/3	1051				
43	43	1/16	1/16	2/4	1	1	1/48		1/32	2/3	1052				
43	43	1/12	1/12	2/4	1	1	1/48		1/32	2/3	1053				
43	43	5/48	5/48	2/4	1	1	1/48		1/32	2/3	1054				
43	43	1/8	1/8	2/4	1	1	1/48		1/32	2/3	1055				
43	43	7/48	7/48	2/4	1	1	1/48		1/32	2/3	1056				
43	43	1/6	1/6	2/4	1	1	1/48		1/32	2/3	1057				
43	43	3/16	3/16	2/4	1	1	1/48		1/32	2/3	1058				
43	43	5/24	5/24	2/4	1	1	1/48		1/32	2/3	1059				
43	43	11/48	11/48	2/4	1	1	1/48		1/32	2/3	1060				
43	43	1/4	1/4	2/4	1	1	1/48		1/32	2/3	1061				
43	43	13/48	13/48	2/4	1	1	1/48		1/32	2/3	1062				
43	43	7/24	7/24	2/4	1	1	1/48		1/32	2/3	1063				
43	43	5/16	5/16	2/4	1	1	1/48		1/32	2/3	1064				
43	43	1/3	1/3	2/4	1	1	1/48		1/32	2/3	1065				
43	43	17/48	17/48	2/4	1	1	1/48		1/32	2/3	1066				
43	43	3/8	3/8	2/4	1	1	1/48		1/32	2/3	1067				
43	43	19/48	19/48	2/4	1	1	1/48		1/32	2/3	1068				
43	43	5/12	5/12	2/4	1	1	1/48		1/32	2/3	1069				
43	43	7/16	7/16	2/4	1	1	1/48		1/32	2/3	1070				
43	43	11/24	11/24	2/4	1	1	1/48		1/32	2/3	1071				
43	43	23/48	23/48	2/4	1	1	1/48		1/32	2/3	1072				
43	43	0	0	2/4	2	1	1/16		1/16	1	1073				
43	43	0	0	2/4	3	1	1/8		1/8	1	1074				
43	43	0	0	2/4	4	1	1/16		1/16	1	1075				
44	44	0	0	2/4	1	1	0						cresc.		
44	44	0	0	2/4	1	1	1/32		1/32	1	1076				
44	44	1/32	1/32	2/4	1	1	1/32		1/32	1	1077				
44	44	1/16	1/16	2/4	1	1	1/32		1/32	1	1078				
44	44	3/32	3/32	2/4	1	1	1/32		1/32	1	1079				
44	44	1/8	1/8	2/4	1	1	1/32		1/32	1	1080				
44	44	5/32	5/32	2/4	1	1	1/32		1/32	1	1081				
44	44	3/16	3/16	2/4	1	1	1/32		1/32	1	1082				
44	44	7/32	7/32	2/4	1	1	1/32		1/32	1	1083				
44	44	1/4	1/4	2/4	1	1	1/32		1/32	1	1084				
44	44	9/32	9/32	2/4	1	1	1/32		1/32	1	1085				
44	44	5/16	5/16	2/4	1	1	1/32		1/32	1	1086				
44	44	11/32	11/32	2/4	1	1	1/32		1/32	1	1087				
44	44	3/8	3/8	2/4	1	1	1/32		1/32	1	1088				
44	44	13/32	13/32	2/4	1	1	1/32		1/32	1	1089				
44	44	7/16	7/16	2/4	1	1	1/32		1/32	1	1090				
44	44	15/32	15/32	2/4	1	1	1/32		1/32	1	1091				
44	44	5/16	5/16	2/4	2	1	0						cresc.		
44	44	5/16	5/16	2/4	2	1	1/16		1/16	1	1092				
44	44	3/8	3/8	2/4	2	1	1/16		1/16	1	1093				
44	44	7/16	7/16	2/4	2	1	1/16		1/16	1	1094				
44	44	5/16	5/16	2/4	3	1	0						cresc.		
44	44	5/16	5/16	2/4	3	1	1/16		1/16	1	1095				
44	44	3/8	3/8	2/4	3	1	1/16		1/16	1	1096				
44	44	7/16	7/16	2/4	3	1	1/16		1/16	1	1097				
44	44	5/16	5/16	2/4	4	1	1/16		1/16	1	1098				
44	44	3/8	3/8	2/4	4	1	1/16		1/16	1	1099				
44	44	7/16	7/16	2/4	4	1	1/16		1/16	1	1100				
45	45	0	0	2/4	1	1	0					p			
45	45	0	0	2/4	1	1	1/16		1/16	1	1101				
45	45	1/16	1/16	2/4	1	1	1/16		1/16	1	1102				
45	45	1/8	1/8	2/4	1	1	1/16		1/16	1	1103				
45	45	3/16	3/16	2/4	1	1	1/16		1/16	1	1104				
45	45	1/4	1/4	2/4	1	1	1/16		1/16	1	1105				
45	45	5/16	5/16	2/4	1	1	1/16		1/16	1	1106				
45	45	3/8	3/8	2/4	1	1	1/16		1/16	1	1107				
45	45	7/16	7/16	2/4	1	1	1/16		1/16	1	1108				
45	45	0	0	2/4	2	1	0					p			
45	45	0	0	2/4	2	1	1/8		1/8	1	1109				
45	45	3/16	3/16	2/4	2	1	1/64		1/64	1	1110				
45	45	13/64	13/64	2/4	2	1	1/64		1/64	1	1111				
45	45	7/32	7/32	2/4	2	1	1/64		1/64	1	1112				
45	45	15/64	15/64	2/4	2	1	1/64		1/64	1	1113				
45	45	1/4	1/4	2/4	2	1	1/8		1/8	1	1114				
45	45	0	0	2/4	3	1	0					p			
45	45	0	0	2/4	3	1	1/8		1/8	1	1115				
45	45	7/16	7/16	2/4	3	1	1/64		1/64	1	1116				
45	45	29/64	29/64	2/4	3	1	1/64		1/64	1	1117				
45	45	15/32	15/32	2/4	3	1	1/64		1/64	1	1118				
45	45	31/64	31/64	2/4	3	1	1/64		1/64	1	1119				
45	45	0	0	2/4	4	1	0					p			
45	45	0	0	2/4	4	1	1/8		1/8	1	1120				
46	46	0	0	2/4	1	1	1/16		1/16	1	1121				
46	46	1/16	1/16	2/4	1	1	1/16		1/16	1	1122				
46	46	1/8	1/8	2/4	1	1	1/16		1/16	1	1123				
46	46	3/16	3/16	2/4	1	1	1/16		1/16	1	1124				
46	46	1/4	1/4	2/4	1	1	1/16		1/16	1	1125				
46	46	5/16	5/16	2/4	1	1	1/16		1/16	1	1126				
46	46	3/8	3/8	2/4	1	1	1/16		1/16	1	1127				
46	46	7/16	7/16	2/4	1	1	1/16		1/16	1	1128				
46	46	3/16	3/16	2/4	2	1	1/64		1/64	1	1129				
46	46	13/64	13/64	2/4	2	1	1/64		1/64	1	1130				
46	46	7/32	7/32	2/4	2	1	1/64		1/64	1	1131				
46	46	15/64	15/64	2/4	2	1	1/64		1/64	1	1132				
46	46	1/4	1/4	2/4	2	1	1/8		1/8	1	1133				
46	46	0	0	2/4	3	1	1/8		1/8	1	1134				
46	46	7/16	7/16	2/4	4	1	1/64		1/64	1	1135				
46	46	29/64	29/64	2/4	4	1	1/64		1/64	1	1136				
46	46	15/32	15/32	2/4	4	1	1/64		1/64	1	1137				
46	46	31/64	31/64	2/4	4	1	1/64		1/64	1	1138				
47	47	0	0	2/4	1	1	1/16		1/16	1	1139				
47	47	1/16	1/16	2/4	1	1	1/16		1/16	1	1140				
47	47	1/8	1/8	2/4	1	1	1/16		1/16	1	1141				
47	47	3/16	3/16	2/4	1	1	1/64		1/64	1	1142				
47	47	13/64	13/64	2/4	1	1	1/64		1/64	1	1143				
47	47	7/32	7/32	2/4	1	1	1/64		1/64	1	1144				
47	47	15/64	15/64	2/4	1	1	1/64		1/64	1	1145				
47	47	1/4	1/4	2/4	1	1	1/16		1/16	1	1146				
47	47	5/16	5/16	2/4	1	1	1/16		1/16	1	1147				
47	47	3/8	3/8	2/4	1	1	1/16		1/16	1	1148				
47	47	7/16	7/16	2/4	1	1	1/64		1/64	1	1149				
47	47	29/64	29/64	2/4	1	1	1/64		1/64	1	1150				
47	47	15/32	15/32	2/4	1	1	1/64		1/64	1	1151				
47	47	31/64	31/64	2/4	1	1	1/64		1/64	1	1152				
47	47	1/8	1/8	2/4	2	1	1/8		1/8	1	1153				
47	47	3/8	3/8	2/4	2	1	1/8		1/8	1	1154				
47	47	1/8	1/8	2/4	3	1	1/8		1/8	1	1155				
47	47	3/8	3/8	2/4	3	1	1/8		1/8	1	1156				
47	47	0	0	2/4	4	1	1/8		1/8	1	1157				
47	47	1/4	1/4	2/4	4	1	1/8		1/8	1	1158				
48	48	0	0	2/4	1	1	1/16		1/16	1	1159				
48	48	1/16	1/16	2/4	1	1	1/64		1/64	1	1160				
48	48	5/64	5/64	2/4	1	1	1/64		1/64	1	1161				
48	48	3/32	3/32	2/4	1	1	1/64		1/64	1	1162				
48	48	7/64	7/64	2/4	1	1	1/64		1/64	1	1163				
48	48	1/8	1/8	2/4	1	1	1/16		1/16	1	1164				
48	48	3/16	3/16	2/4	1	1	1/32		1/32	1	1165				
48	48	7/32	7/32	2/4	1	1	1/64		1/64	1	1166				
48	48	15/64	15/64	2/4	1	1	1/64		1/64	1	1167				
48	48	1/4	1/4	2/4	1	1	1/16		1/16	1	1168				
48	48	0	0	2/4	2	1	1/16		1/16	1	1169				
48	48	1/8	1/8	2/4	2	1	1/16		1/16	1	1170				
48	48	1/4	1/4	2/4	2	1	1/16		1/16	1	1171				
48	48	5/16	5/16	2/4	2	1	1/32		1/32	1	1172				
48	48	11/32	11/32	2/4	2	1	1/32		1/32	1	1173				
48	48	3/8	3/8	2/4	2	1	1/32		1/32	1	1174				
48	48	13/32	13/32	2/4	2	1	1/32		1/32	1	1175				
48	48	7/16	7/16	2/4	2	1	1/32		1/32	1	1176				
48	48	15/32	15/32	2/4	2	1	1/32		1/32	1	1177				
48	48	0	0	2/4	3	1	1/16		1/16	1	1178				
48	48	1/8	1/8	2/4	3	1	1/16		1/16	1	1179				
48	48	1/4	1/4	2/4	3	1	1/16		1/16	1	1180				
48	48	0	0	2/4	4	1	1/16		1/16	1	1181				
48	48	1/8	1/8	2/4	4	1	1/16		1/16	1	1182				
48	48	1/4	1/4	2/4	4	1	1/16		1/16	1	1183				
49	49	1/32	1/32	2/4	1	1	1/32		1/32	1	1184				
49	49	3/32	3/32	2/4	1	1	1/32		1/32	1	1185				
49	49	5/32	5/32	2/4	1	1	1/32		1/32	1	1186				
49	49	3/16	3/16	2/4	1	1	1/32		1/32	1	1187				
49	49	7/32	7/32	2/4	1	1	1/32		1/32	1	1188				
49	49	1/4	1/4	2/4	1	1	1/32		1/32	1	1189				
49	49	9/32	9/32	2/4	1	1	0						stacc.		
49	49	9/32	9/32	2/4	1	1	1/32		1/32	1	1190				
49	49	11/32	11/32	2/4	1	1	1/32		1/32	1	1191				
49	49	13/32	13/32	2/4	1	1	1/32		1/32	1	1192				
49	49	7/16	7/16	2/4	1	1	1/48		1/32	2/3	1193				
49	49	11/24	11/24	2/4	1	1	1/48		1/32	2/3	1194				
49	49	23/48	23/48	2/4	1	1	1/48		1/32	2/3	1195				
49	49	0	0	2/4	2	1	0					p			
49	49	0	0	2/4	2	1	0					p			
49	49	0	0	2/4	2	1	1/16		1/16	1	1196				
49	49	1/16	1/16	2/4	2	1	1/16		1/16	1	1197				
49	49	1/8	1/8	2/4	2	1	1/16		1/16	1	1198				
49	49	3/16	3/16	2/4	2	1	1/16		1/16	1	1199				
49	49	1/4	1/4	2/4	2	1	1/16		1/16	1	1200				
49	49	5/16	5/16	2/4	2	1	1/16		1/16	1	1201				
49	49	3/8	3/8	2/4	2	1	1/16		1/16	1	1202				
49	49	7/16	7/16	2/4	2	1	1/16		1/16	1	1203				
49	49	0	0	2/4	3	1	0					p			
49	49	0	0	2/4	3	1	1/16		1/16	1	1204				
49	49	1/16	1/16	2/4	3	1	1/16		1/16	1	1205				
49	49	1/8	1/8	2/4	3	1	1/16		1/16	1	1206				
49	49	3/16	3/16	2/4	3	1	1/16		1/16	1	1207				
49	49	1/4	1/4	2/4	3	1	1/16		1/16	1	1208				
49	49	5/16	5/16	2/4	3	1	1/16		1/16	1	1209				
49	49	3/8	3/8	2/4	3	1	1/16		1/16	1	1210				
49	49	7/16	7/16	2/4	3	1	1/16		1/16	1	1211				
49	49	0	0	2/4	4	1	1/8		1/8	1	1212				
49	49	1/4	1/4	2/4	4	1	1/16		1/16	1	1213				
49	49	5/16	5/16	2/4	4	1	1/16		1/16	1	1214				
49	49	3/8	3/8	2/4	4	1	1/16		1/16	1	1215				
49	49	7/16	7/16	2/4	4	1	1/16		1/16	1	1216				
50	50	0	0	2/4	1	1	1/32		1/32	1	1217				
50	50	1/32	1/32	2/4	1	1	1/32		1/32	1	1218				
50	50	3/32	3/32	2/4	1	1	1/32		1/32	1	1219				
50	50	5/32	5/32	2/4	1	1	1/32		1/32	1	1220				
50	50	3/16	3/16	2/4	1	1	1/32		1/32	1	1221				
50	50	7/32	7/32	2/4	1	1	1/32		1/32	1	1222				
50	50	1/4	1/4	2/4	1	1	1/32		1/32	1	1223				
50	50	9/32	9/32	2/4	1	1	1/32		1/32	1	1224				
50	50	11/32	11/32	2/4	1	1	1/32		1/32	1	1225				
50	50	13/32	13/32	2/4	1	1	1/32		1/32	1	1226				
50	50	7/16	7/16	2/4	1	1	1/32		1/32	1	1227				
50	50	15/32	15/32	2/4	1	1	1/32		1/32	1	1228				
50	50	0	0	2/4	2	1	1/16		1/16	1	1229				
50	50	1/16	1/16	2/4	2	1	1/16		1/16	1	1230				
50	50	1/8	1/8	2/4	2	1	1/16		1/16	1	1231				
50	50	3/16	3/16	2/4	2	1	1/16		1/16	1	1232				
50	50	1/4	1/4	2/4	2	1	1/16		1/16	1	1233				
50	50	5/16	5/16	2/4	2	1	1/16		1/16	1	1234				
50	50	3/8	3/8	2/4	2	1	1/16		1/16	1	1235				
50	50	7/16	7/16	2/4	2	1	1/16		1/16	1	1236				
50	50	0	0	2/4	3	1	1/16		1/16	1	1237				
50	50	1/16	1/16	2/4	3	1	1/16		1/16	1	1238				
50	50	1/8	1/8	2/4	3	1	1/16		1/16	1	1239				
50	50	3/16	3/16	2/4	3	1	1/16		1/16	1	1240				
50	50	1/4	1/4	2/4	3	1	1/16		1/16	1	1241				
50	50	5/16	5/16	2/4	3	1	1/16		1/16	1	1242				
50	50	3/8	3/8	2/4	3	1	1/16		1/16	1	1243				
50	50	7/16	7/16	2/4	3	1	1/16		1/16	1	1244				
50	50	0	0	2/4	4	1	1/16		1/16	1	1245				
50	50	1/16	1/16	2/4	4	1	1/16		1/16	1	1246				
50	50	1/8	1/8	2/4	4	1	1/16		1/16	1	1247				
50	50	3/16	3/16	2/4	4	1	1/16		1/16	1	1248				
50	50	1/4	1/4	2/4	4	1	1/16		1/16	1	1249				
50	50	5/16	5/16	2/4	4	1	1/16		1/16	1	1250				
50	50	3/8	3/8	2/4	4	1	1/16		1/16	1	1251				
50	50	7/16	7/16	2/4	4	1	1/16		1/16	1	1252				
51	51	1/32	1/32	2/4	1	1	1/32		1/32	1	1253				
51	51	3/32	3/32	2/4	1	1	1/32		1/32	1	1254				
51	51	5/32	5/32	2/4	1	1	1/32		1/32	1	1255				
51	51	3/16	3/16	2/4	1	1	1/32		1/32	1	1256				
51	51	7/32	7/32	2/4	1	1	1/32		1/32	1	1257				
51	51	9/32	9/32	2/4	1	1	1/32		1/32	1	1258				
51	51	11/32	11/32	2/4	1	1	1/32		1/32	1	1259				
51	51	13/32	13/32	2/4	1	1	1/32		1/32	1	1260				
51	51	7/16	7/16	2/4	1	1	1/32		1/32	1	1261				
51	51	15/32	15/32	2/4	1	1	1/32		1/32	1	1262				
51	51	0	0	2/4	2	1	1/16		1/16	1	1263				
51	51	1/16	1/16	2/4	2	1	1/16		1/16	1	1264				
51	51	1/8	1/8	2/4	2	1	1/16		1/16	1	1265				
51	51	3/16	3/16	2/4	2	1	1/64		1/64	1	1266				
51	51	13/64	13/64	2/4	2	1	1/64		1/64	1	1267				
51	51	7/32	7/32	2/4	2	1	1/64		1/64	1	1268				
51	51	15/64	15/64	2/4	2	1	1/64		1/64	1	1269				
51	51	1/4	1/4	2/4	2	1	1/16		1/16	1	1270				
51	51	5/16	5/16	2/4	2	1	1/16		1/16	1	1271				
51	51	3/8	3/8	2/4	2	1	1/16		1/16	1	1272				
51	51	7/16	7/16	2/4	2	1	1/64		1/64	1	1273				
51	51	29/64	29/64	2/4	2	1	1/64		1/64	1	1274				
51	51	15/32	15/32	2/4	2	1	1/64		1/64	1	1275				
51	51	31/64	31/64	2/4	2	1	1/64		1/64	1	1276				
51	51	0	0	2/4	3	1	1/4		1/4	1	1277				
51	51	1/4	1/4	2/4	3	1	1/4		1/4	1	1278				
51	51	0	0	2/4	4	1	1/4		1/4	1	1279				
51	51	1/4	1/4	2/4	4	1	1/4		1/4	1	1280				
52	52	1/32	1/32	2/4	1	1	1/32		1/32	1	1281				
52	52	3/32	3/32	2/4	1	1	1/32		1/32	1	1282				
52	52	5/32	5/32	2/4	1	1	1/32		1/32	1	1283				
52	52	7/32	7/32	2/4	1	1	1/32		1/32	1	1284				
52	52	1/4	1/4	2/4	1	1	1/8		1/8	1	1285				
52	52	7/16	7/16	2/4	1	1	1/16		1/16	1	1286				
52	52	0	0	2/4	2	1	1/16		1/16	1	1287				
52	52	1/16	1/16	2/4	2	1	1/64		1/64	1	1288				
52	52	5/64	5/64	2/4	2	1	1/64		1/64	1	1289				
52	52	3/32	3/32	2/4	2	1	1/64		1/64	1	1290				
52	52	7/64	7/64	2/4	2	1	1/64		1/64	1	1291				
52	52	1/8	1/8	2/4	2	1	1/16		1/16	1	1292				
52	52	3/16	3/16	2/4	2	1	1/64		1/64	1	1293				
52	52	13/64	13/64	2/4	2	1	1/64		1/64	1	1294				
52	52	7/32	7/32	2/4	2	1	1/64		1/64	1	1295				
52	52	15/64	15/64	2/4	2	1	1/64		1/64	1	1296				
52	52	1/4	1/4	2/4	2	1	1/8		1/8	1	1297				
52	52	0	0	2/4	3	1	1/16		1/16	1	1298				
52	52	1/8	1/8	2/4	3	1	1/16		1/16	1	1299				
52	52	1/4	1/4	2/4	3	1	1/8		1/8	1	1300				
52	52	0	0	2/4	4	1	1/16		1/16	1	1301				
52	52	1/8	1/8	2/4	4	1	1/16		1/16	1	1302				
52	52	1/4	1/4	2/4	4	1	1/8		1/8	1	1303				
53	53	0	0	2/4	1	1	3/32		1/16	3/2	1304				
53	53	3/32	3/32	2/4	1	1	1/32		1/32	1	1305				
53	53	1/8	1/8	2/4	1	1	1/16		1/16	1	1306				
53	53	3/16	3/16	2/4	1	1	1/16		1/16	1	1307				
53	53	1/4	1/4	2/4	1	1	3/16		1/8	3/2	1308				
53	53	7/16	7/16	2/4	1	1	1/16		1/16	1	1309				
53	53	0	0	2/4	2	1	3/32		1/16	3/2	1310				
53	53	3/32	3/32	2/4	2	1	1/32		1/32	1	1311				
53	53	1/8	1/8	2/4	2	1	1/16		1/16	1	1312				
53	53	3/16	3/16	2/4	2	1	1/16		1/16	1	1313				
53	53	1/4	1/4	2/4	2	1	3/16		1/8	3/2	1314				
53	53	7/16	7/16	2/4	2	1	1/16		1/16	1	1315				
53	53	0	0	2/4	3	1	3/32		1/16	3/2	1316				
53	53	3/32	3/32	2/4	3	1	1/32		1/32	1	1317				
53	53	1/8	1/8	2/4	3	1	1/16		1/16	1	1318				
53	53	3/16	3/16	2/4	3	1	1/16		1/16	1	1319				
53	53	1/4	1/4	2/4	3	1	3/16		1/8	3/2	1320				
53	53	7/16	7/16	2/4	3	1	1/16		1/16	1	1321				
53	53	0	0	2/4	4	1	3/32		1/16	3/2	1322				
53	53	3/32	3/32	2/4	4	1	1/32		1/32	1	1323				
53	53	1/8	1/8	2/4	4	1	1/16		1/16	1	1324				
53	53	3/16	3/16	2/4	4	1	1/16		1/16	1	1325				
53	53	1/4	1/4	2/4	4	1	3/16		1/8	3/2	1326				
53	53	7/16	7/16	2/4	4	1	1/16		1/16	1	1327				
54	54	0	0	2/4	1	1	1/16		1/16	1	1328				
54	54	1/16	1/16	2/4	1	1	1/16		1/16	1	1329				
54	54	1/8	1/8	2/4	1	1	1/16		1/16	1	1330				
54	54	3/16	3/16	2/4	1	1	1/16		1/16	1	1331				
54	54	1/4	1/4	2/4	1	1	3/32		1/16	3/2	1332				
54	54	11/32	11/32	2/4	1	1	1/64		1/64	1	1333				
54	54	23/64	23/64	2/4	1	1	1/64		1/64	1	1334				
54	54	3/8	3/8	2/4	1	1	1/48		1/32	2/3	1335				
54	54	19/48	19/48	2/4	1	1	1/48		1/32	2/3	1336				
54	54	5/12	5/12	2/4	1	1	1/48		1/32	2/3	1337				
54	54	7/16	7/16	2/4	1	1	1/48		1/32	2/3	1338				
54	54	11/24	11/24	2/4	1	1	1/48		1/32	2/3	1339				
54	54	23/48	23/48	2/4	1	1	1/48		1/32	2/3	1340				
54	54	0	0	2/4	2	1	1/16		1/16	1	1341				
54	54	1/16	1/16	2/4	2	1	1/16		1/16	1	1342				
54	54	1/8	1/8	2/4	2	1	1/16		1/16	1	1343				
54	54	3/16	3/16	2/4	2	1	1/16		1/16	1	1344				
54	54	1/4	1/4	2/4	2	1	3/32		1/16	3/2	1345				
54	54	11/32	11/32	2/4	2	1	1/64		1/64	1	1346				
54	54	23/64	23/64	2/4	2	1	1/64		1/64	1	1347				
54	54	3/8	3/8	2/4	2	1	1/48		1/32	2/3	1348				
54	54	19/48	19/48	2/4	2	1	1/48		1/32	2/3	1349				
54	54	5/12	5/12	2/4	2	1	1/48		1/32	2/3	1350				
54	54	7/16	7/16	2/4	2	1	1/48		1/32	2/3	1351				
54	54	11/24	11/24	2/4	2	1	1/48		1/32	2/3	1352				
54	54	23/48	23/48	2/4	2	1	1/48		1/32	2/3	1353				
54	54	0	0	2/4	3	1	1/16		1/16	1	1354				
54	54	1/16	1/16	2/4	3	1	1/16		1/16	1	1355				
54	54	1/8	1/8	2/4	3	1	1/16		1/16	1	1356				
54	54	3/16	3/16	2/4	3	1	1/16		1/16	1	1357				
54	54	1/4	1/4	2/4	3	1	1/8		1/8	1	1358				
54	54	0	0	2/4	4	1	1/16		1/16	1	1359				
54	54	1/16	1/16	2/4	4	1	1/16		1/16	1	1360				
54	54	1/8	1/8	2/4	4	1	1/16		1/16	1	1361				
54	54	3/16	3/16	2/4	4	1	1/16		1/16	1	1362				
54	54	1/4	1/4	2/4	4	1	1/8		1/8	1	1363				
55	55	0	0	2/4	1	1	3/32		1/16	3/2	1364				
55	55	3/32	3/32	2/4	1	1	1/32		1/32	1	1365				
55	55	1/8	1/8	2/4	1	1	1/16		1/16	1	1366				
55	55	3/16	3/16	2/4	1	1	1/16		1/16	1	1367				
55	55	1/4	1/4	2/4	1	1	3/16		1/8	3/2	1368				
55	55	7/16	7/16	2/4	1	1	1/16		1/16	1	1369				
55	55	0	0	2/4	2	1	3/32		1/16	3/2	1370				
55	55	3/32	3/32	2/4	2	1	1/32		1/32	1	1371				
55	55	1/8	1/8	2/4	2	1	1/16		1/16	1	1372				
55	55	3/16	3/16	2/4	2	1	1/16		1/16	1	1373				
55	55	1/4	1/4	2/4	2	1	1/16		1/16	1	1374				
55	55	5/16	5/16	2/4	2	1	1/16		1/16	1	1375				
55	55	3/8	3/8	2/4	2	1	1/16		1/16	1	1376				
55	55	7/16	7/16	2/4	2	1	1/16		1/16	1	1377				
55	55	0	0	2/4	3	1	3/32		1/16	3/2	1378				
55	55	3/32	3/32	2/4	3	1	1/32		1/32	1	1379				
55	55	1/8	1/8	2/4	3	1	1/16		1/16	1	1380				
55	55	3/16	3/16	2/4	3	1	1/16		1/16	1	1381				
55	55	1/4	1/4	2/4	3	1	3/16		1/8	3/2	1382				
55	55	7/16	7/16	2/4	3	1	1/16		1/16	1	1383				
55	55	0	0	2/4	4	1	3/32		1/16	3/2	1384				
55	55	3/32	3/32	2/4	4	1	1/32		1/32	1	1385				
55	55	1/8	1/8	2/4	4	1	1/16		1/16	1	1386				
55	55	3/16	3/16	2/4	4	1	1/16		1/16	1	1387				
55	55	1/4	1/4	2/4	4	1	3/16		1/8	3/2	1388				
55	55	7/16	7/16	2/4	4	1	1/16		1/16	1	1389				
56	56	0	0	2/4	1	1	3/32		1/16	3/2	1390				
56	56	3/32	3/32	2/4	1	1	1/32		1/32	1	1391				
56	56	1/8	1/8	2/4	1	1	3/32		1/16	3/2	1392				
56	56	7/32	7/32	2/4	1	1	1/32		1/32	1	1393				
56	56	1/4	1/4	2/4	1	1	3/32		1/16	3/2	1394				
56	56	11/32	11/32	2/4	1	1	1/32		1/32	1	1395				
56	56	3/8	3/8	2/4	1	1	1/32		1/32	1	1396				
56	56	13/32	13/32	2/4	1	1	1/32		1/32	1	1397				
56	56	7/16	7/16	2/4	1	1	1/32		1/32	1	1398				
56	56	15/32	15/32	2/4	1	1	1/32		1/32	1	1399				
56	56	0	0	2/4	2	1	1/8		1/8	1	1400				
56	56	1/8	1/8	2/4	2	1	1/8		1/8	1	1401				
56	56	1/4	1/4	2/4	2	1	1/8		1/8	1	1402				
56	56	0	0	2/4	3	1	1/8		1/8	1	1403				
56	56	1/8	1/8	2/4	3	1	1/8		1/8	1	1404				
56	56	1/4	1/4	2/4	3	1	1/8		1/8	1	1405				
56	56	0	0	2/4	4	1	1/8		1/8	1	1406				
56	56	1/8	1/8	2/4	4	1	1/8		1/8	1	1407				
56	56	1/4	1/4	2/4	4	1	1/8		1/8	1	1408				
57	57	0	0	2/4	1	1	1/16		1/16	1	1409				
57	57	1/16	1/16	2/4	1	1	1/16		1/16	1	1410				
57	57	1/8	1/8	2/4	1	1	1/16		1/16	1	1411				
57	57	3/16	3/16	2/4	1	1	1/96		1/64	2/3	1412				
57	57	19/96	19/96	2/4	1	1	1/96		1/64	2/3	1413				
57	57	5/24	5/24	2/4	1	1	1/96		1/64	2/3	1414				
57	57	7/32	7/32	2/4	1	1	1/96		1/64	2/3	1415				
57	57	11/48	11/48	2/4	1	1	1/96		1/64	2/3	1416				
57	57	23/96	23/96	2/4	1	1	1/96		1/64	2/3	1417				
57	57	1/4	1/4	2/4	1	1	1/16		1/16	1	1418				
57	57	5/16	5/16	2/4	1	1	1/16		1/16	1	1419				
57	57	3/8	3/8	2/4	1	1	1/16		1/16	1	1420				
57	57	7/16	7/16	2/4	1	1	1/96		1/64	2/3	1421				
57	57	43/96	43/96	2/4	1	1	1/96		1/64	2/3	1422				
57	57	11/24	11/24	2/4	1	1	1/96		1/64	2/3	1423				
57	57	15/32	15/32	2/4	1	1	1/96		1/64	2/3	1424				
57	57	23/48	23/48	2/4	1	1	1/96		1/64	2/3	1425				
57	57	47/96	47/96	2/4	1	1	1/96		1/64	2/3	1426				
57	57	0	0	2/4	2	1	1/2		1/2	1	1427				
57	57	0	0	2/4	3	1	0						queste note ben marcate.		
57	57	1/4	1/4	2/4	3	1	0						queste note ben marcate.		
57	57	1/4	1/4	2/4	3	1	1/32		1/32	1	1428				
57	57	9/32	9/32	2/4	3	1	1/32		1/32	1	1429				
57	57	11/32	11/32	2/4	3	1	1/32		1/32	1	1430				
57	57	13/32	13/32	2/4	3	1	1/32		1/32	1	1431				
57	57	7/16	7/16	2/4	3	1	1/32		1/32	1	1432				
57	57	15/32	15/32	2/4	3	1	1/32		1/32	1	1433				
57	57	0	0	2/4	4	1	1/32		1/32	1	1434				
57	57	1/32	1/32	2/4	4	1	1/32		1/32	1	1435				
57	57	3/32	3/32	2/4	4	1	1/32		1/32	1	1436				
57	57	5/32	5/32	2/4	4	1	1/32		1/32	1	1437				
57	57	3/16	3/16	2/4	4	1	1/32		1/32	1	1438				
57	57	7/32	7/32	2/4	4	1	1/32		1/32	1	1439				
57	57	1/4	1/4	2/4	4	1	1/8		1/8	1	1440				
58	58	0	0	2/4	1	1	1/16		1/16	1	1441				
58	58	1/16	1/16	2/4	1	1	1/32		1/32	1	1442				
58	58	7/64	7/64	2/4	1	1	1/64		1/64	1	1443				
58	58	1/8	1/8	2/4	1	1	1/16		1/16	1	1444				
58	58	3/16	3/16	2/4	1	1	1/32		1/32	1	1445				
58	58	15/64	15/64	2/4	1	1	1/64		1/64	1	1446				
58	58	1/4	1/4	2/4	1	1	1/16		1/16	1	1447				
58	58	5/16	5/16	2/4	1	1	1/32		1/32	1	1448				
58	58	23/64	23/64	2/4	1	1	1/64		1/64	1	1449				
58	58	3/8	3/8	2/4	1	1	1/16		1/16	1	1450				
58	58	7/16	7/16	2/4	1	1	1/32		1/32	1	1451				
58	58	31/64	31/64	2/4	1	1	1/64		1/64	1	1452				
58	58	0	0	2/4	2	1	1/4		1/4	1	1453				
58	58	1/4	1/4	2/4	2	1	1/8		1/8	1	1454				
58	58	3/8	3/8	2/4	2	1	1/8		1/8	1	1455				
58	58	0	0	2/4	3	1	1/8		1/8	1	1456				
58	58	1/4	1/4	2/4	3	1	1/32		1/32	1	1457				
58	58	9/32	9/32	2/4	3	1	1/32		1/32	1	1458				
58	58	11/32	11/32	2/4	3	1	1/32		1/32	1	1459				
58	58	13/32	13/32	2/4	3	1	1/32		1/32	1	1460				
58	58	7/16	7/16	2/4	3	1	1/32		1/32	1	1461				
58	58	15/32	15/32	2/4	3	1	1/32		1/32	1	1462				
58	58	0	0	2/4	4	1	1/32		1/32	1	1463				
58	58	1/32	1/32	2/4	4	1	1/32		1/32	1	1464				
58	58	3/32	3/32	2/4	4	1	1/32		1/32	1	1465				
58	58	5/32	5/32	2/4	4	1	1/32		1/32	1	1466				
58	58	3/16	3/16	2/4	4	1	1/32		1/32	1	1467				
58	58	7/32	7/32	2/4	4	1	1/32		1/32	1	1468				
58	58	1/4	1/4	2/4	4	1	1/8		1/8	1	1469				
59	59	0	0	2/4	1	1	1/16		1/16	1	1470				
59	59	1/16	1/16	2/4	1	1	1/16		1/16	1	1471				
59	59	1/8	1/8	2/4	1	1	1/16		1/16	1	1472				
59	59	3/16	3/16	2/4	1	1	1/64		1/64	1	1473				
59	59	13/64	13/64	2/4	1	1	1/64		1/64	1	1474				
59	59	7/32	7/32	2/4	1	1	1/64		1/64	1	1475				
59	59	15/64	15/64	2/4	1	1	1/64		1/64	1	1476				
59	59	1/4	1/4	2/4	1	1	1/16		1/16	1	1477				
59	59	5/16	5/16	2/4	1	1	1/16		1/16	1	1478				
59	59	3/8	3/8	2/4	1	1	1/16		1/16	1	1479				
59	59	7/16	7/16	2/4	1	1	1/64		1/64	1	1480				
59	59	29/64	29/64	2/4	1	1	1/64		1/64	1	1481				
59	59	15/32	15/32	2/4	1	1	1/64		1/64	1	1482				
59	59	31/64	31/64	2/4	1	1	1/64		1/64	1	1483				
59	59	0	0	2/4	2	1	1/4		1/4	1	1484				
59	59	1/4	1/4	2/4	2	1	1/8		1/8	1	1485				
59	59	3/8	3/8	2/4	2	1	1/8		1/8	1	1486				
59	59	0	0	2/4	2	2	1/8		1/8	1	1487				
59	59	1/8	1/8	2/4	2	2	1/8		1/8	1	1488				
59	59	1/4	1/4	2/4	2	2	1/4		1/4	1	1489				
59	59	0	0	2/4	3	1	1/8		1/8	1	1490				
59	59	1/4	1/4	2/4	3	1	1/32		1/32	1	1491				
59	59	9/32	9/32	2/4	3	1	1/32		1/32	1	1492				
59	59	11/32	11/32	2/4	3	1	1/32		1/32	1	1493				
59	59	13/32	13/32	2/4	3	1	1/32		1/32	1	1494				
59	59	7/16	7/16	2/4	3	1	1/32		1/32	1	1495				
59	59	15/32	15/32	2/4	3	1	1/32		1/32	1	1496				
59	59	0	0	2/4	4	1	1/32		1/32	1	1497				
59	59	1/32	1/32	2/4	4	1	1/32		1/32	1	1498				
59	59	3/32	3/32	2/4	4	1	1/32		1/32	1	1499				
59	59	5/32	5/32	2/4	4	1	1/32		1/32	1	1500				
59	59	3/16	3/16	2/4	4	1	1/32		1/32	1	1501				
59	59	7/32	7/32	2/4	4	1	1/32		1/32	1	1502				
59	59	1/4	1/4	2/4	4	1	1/8		1/8	1	1503				
59	59	13/32	13/32	2/4	4	1	1/32		1/32	1	1504				
59	59	7/16	7/16	2/4	4	1	1/32		1/32	1	1505				
59	59	15/32	15/32	2/4	4	1	1/32		1/32	1	1506				
60	60	0	0	2/4	1	1	1/16		1/16	1	1507				
60	60	1/16	1/16	2/4	1	1	1/64		1/64	1	1508				
60	60	5/64	5/64	2/4	1	1	1/64		1/64	1	1509				
60	60	3/32	3/32	2/4	1	1	1/64		1/64	1	1510				
60	60	7/64	7/64	2/4	1	1	1/64		1/64	1	1511				
60	60	1/8	1/8	2/4	1	1	1/16		1/16	1	1512				
60	60	3/16	3/16	2/4	1	1	1/64		1/64	1	1513				
60	60	13/64	13/64	2/4	1	1	1/64		1/64	1	1514				
60	60	7/32	7/32	2/4	1	1	1/64		1/64	1	1515				
60	60	15/64	15/64	2/4	1	1	1/64		1/64	1	1516				
60	60	1/4	1/4	2/4	1	1	1/8		1/8	1	1517				
60	60	1/16	1/16	2/4	2	1	1/16		1/16	1	1518				
60	60	3/16	3/16	2/4	2	1	1/16		1/16	1	1519				
60	60	1/4	1/4	2/4	2	1	1/8		1/8	1	1520				
60	60	7/16	7/16	2/4	2	1	1/16		1/16	1	1521				
60	60	0	0	2/4	3	1	1/16		1/16	1	1522				
60	60	1/16	1/16	2/4	3	1	1/16		1/16	1	1523				
60	60	3/16	3/16	2/4	3	1	1/16		1/16	1	1524				
60	60	1/4	1/4	2/4	3	1	1/8		1/8	1	1525				
60	60	0	0	2/4	4	1	1/16		1/16	1	1526				
60	60	1/8	1/8	2/4	4	1	1/16		1/16	1	1527				
60	60	1/4	1/4	2/4	4	1	1/8		1/8	1	1528				
61	61	0	0	2/4	2	1	3/32		1/16	3/2	1529				
61	61	3/32	3/32	2/4	2	1	1/32		1/32	1	1530				
61	61	1/8	1/8	2/4	2	1	1/16		1/16	1	1531				
61	61	3/16	3/16	2/4	2	1	1/16		1/16	1	1532				
61	61	1/4	1/4	2/4	2	1	3/16		1/8	3/2	1533				
61	61	7/16	7/16	2/4	2	1	1/16		1/16	1	1534				
61	61	0	0	2/4	3	1	3/32		1/16	3/2	1535				
61	61	3/32	3/32	2/4	3	1	1/32		1/32	1	1536				
61	61	1/8	1/8	2/4	3	1	1/16		1/16	1	1537				
61	61	3/16	3/16	2/4	3	1	1/16		1/16	1	1538				
61	61	1/4	1/4	2/4	3	1	3/16		1/8	3/2	1539				
61	61	7/16	7/16	2/4	3	1	1/16		1/16	1	1540				
61	61	0	0	2/4	4	1	3/32		1/16	3/2	1541				
61	61	3/32	3/32	2/4	4	1	1/32		1/32	1	1542				
61	61	1/8	1/8	2/4	4	1	1/16		1/16	1	1543				
61	61	3/16	3/16	2/4	4	1	1/16		1/16	1	1544				
61	61	1/4	1/4	2/4	4	1	3/16		1/8	3/2	1545				
61	61	7/16	7/16	2/4	4	1	1/16		1/16	1	1546				
62	62	7/16	7/16	2/4	1	1	1/16		1/16	1	1547				
62	62	0	0	2/4	2	1	1/16		1/16	1	1548				
62	62	1/16	1/16	2/4	2	1	1/16		1/16	1	1549				
62	62	1/8	1/8	2/4	2	1	1/16		1/16	1	1550				
62	62	3/16	3/16	2/4	2	1	1/16		1/16	1	1551				
62	62	1/4	1/4	2/4	2	1	1/8		1/8	1	1552				
62	62	0	0	2/4	3	1	1/16		1/16	1	1553				
62	62	1/16	1/16	2/4	3	1	1/16		1/16	1	1554				
62	62	1/8	1/8	2/4	3	1	1/16		1/16	1	1555				
62	62	3/16	3/16	2/4	3	1	1/16		1/16	1	1556				
62	62	1/4	1/4	2/4	3	1	1/8		1/8	1	1557				
62	62	0	0	2/4	4	1	1/16		1/16	1	1558				
62	62	1/16	1/16	2/4	4	1	1/16		1/16	1	1559				
62	62	1/8	1/8	2/4	4	1	1/16		1/16	1	1560				
62	62	3/16	3/16	2/4	4	1	1/16		1/16	1	1561				
62	62	1/4	1/4	2/4	4	1	1/8		1/8	1	1562				
63	63	0	0	2/4	1	1	0						cresc.		
63	63	0	0	2/4	1	1	3/32		1/16	3/2	1563				
63	63	3/32	3/32	2/4	1	1	1/32		1/32	1	1564				
63	63	1/8	1/8	2/4	1	1	1/16		1/16	1	1565				
63	63	3/16	3/16	2/4	1	1	1/16		1/16	1	1566				
63	63	1/4	1/4	2/4	1	1	3/16		1/8	3/2	1567				
63	63	7/16	7/16	2/4	1	1	0					sf			
63	63	7/16	7/16	2/4	1	1	1/16		1/16	1	1568				
63	63	0	0	2/4	2	1	3/32		1/16	3/2	1569				
63	63	3/32	3/32	2/4	2	1	1/32		1/32	1	1570				
63	63	1/8	1/8	2/4	2	1	1/16		1/16	1	1571				
63	63	3/16	3/16	2/4	2	1	1/16		1/16	1	1572				
63	63	1/4	1/4	2/4	2	1	3/16		1/8	3/2	1573				
63	63	7/16	7/16	2/4	2	1	0					sf			
63	63	7/16	7/16	2/4	2	1	1/16		1/16	1	1574				
63	63	0	0	2/4	3	1	0						cresc.		
63	63	0	0	2/4	3	1	0						cresc.		
63	63	0	0	2/4	3	1	3/32		1/16	3/2	1575				
63	63	3/32	3/32	2/4	3	1	1/32		1/32	1	1576				
63	63	1/8	1/8	2/4	3	1	1/16		1/16	1	1577				
63	63	3/16	3/16	2/4	3	1	1/16		1/16	1	1578				
63	63	1/4	1/4	2/4	3	1	3/16		1/8	3/2	1579				
63	63	7/16	7/16	2/4	3	1	0					sf			
63	63	7/16	7/16	2/4	3	1	1/16		1/16	1	1580				
63	63	0	0	2/4	4	1	0						cresc.		
63	63	0	0	2/4	4	1	3/32		1/16	3/2	1581				
63	63	3/32	3/32	2/4	4	1	1/32		1/32	1	1582				
63	63	1/8	1/8	2/4	4	1	1/16		1/16	1	1583				
63	63	3/16	3/16	2/4	4	1	1/16		1/16	1	1584				
63	63	1/4	1/4	2/4	4	1	3/16		1/8	3/2	1585				
63	63	7/16	7/16	2/4	4	1	0					sf			
63	63	7/16	7/16	2/4	4	1	1/16		1/16	1	1586				
64	64	0	0	2/4	1	1	1/16		1/16	1	1587				
64	64	1/16	1/16	2/4	1	1	0					sf			
64	64	1/16	1/16	2/4	1	1	1/16		1/16	1	1588				
64	64	1/8	1/8	2/4	1	1	1/16		1/16	1	1589				
64	64	3/16	3/16	2/4	1	1	0					sf			
64	64	3/16	3/16	2/4	1	1	1/16		1/16	1	1590				
64	64	1/4	1/4	2/4	1	1	1/8		1/8	1	1591				
64	64	0	0	2/4	2	1	1/16		1/16	1	1592				
64	64	1/16	1/16	2/4	2	1	0					sf			
64	64	1/16	1/16	2/4	2	1	1/16		1/16	1	1593				
64	64	1/8	1/8	2/4	2	1	1/16		1/16	1	1594				
64	64	3/16	3/16	2/4	2	1	0					sf			
64	64	3/16	3/16	2/4	2	1	1/16		1/16	1	1595				
64	64	1/4	1/4	2/4	2	1	1/8		1/8	1	1596				
64	64	0	0	2/4	3	1	1/16		1/16	1	1597				
64	64	1/16	1/16	2/4	3	1	0					sf			
64	64	1/16	1/16	2/4	3	1	1/16		1/16	1	1598				
64	64	1/8	1/8	2/4	3	1	1/16		1/16	1	1599				
64	64	3/16	3/16	2/4	3	1	0					sf			
64	64	3/16	3/16	2/4	3	1	1/16		1/16	1	1600				
64	64	1/4	1/4	2/4	3	1	1/8		1/8	1	1601				
64	64	0	0	2/4	4	1	1/16		1/16	1	1602				
64	64	1/16	1/16	2/4	4	1	0					sf			
64	64	1/16	1/16	2/4	4	1	1/16		1/16	1	1603				
64	64	1/8	1/8	2/4	4	1	1/16		1/16	1	1604				
64	64	3/16	3/16	2/4	4	1	0					sf			
64	64	3/16	3/16	2/4	4	1	1/16		1/16	1	1605				
64	64	1/4	1/4	2/4	4	1	1/8		1/8	1	1606				
65	65	0	0	2/4	1	1	0					p			
65	65	0	0	2/4	1	1	1/8		1/8	1	1607				
65	65	1/4	1/4	2/4	1	1	1/8		1/8	1	1608				
65	65	0	0	2/4	2	1	0					p			
65	65	0	0	2/4	2	1	1/8		1/8	1	1609				
65	65	1/4	1/4	2/4	2	1	0					ff			
65	65	1/4	1/4	2/4	2	1	0					ff			
65	65	1/4	1/4	2/4	2	1	1/8		1/8	1	1610				
65	65	0	0	2/4	3	1	0					p			
65	65	0	0	2/4	3	1	1/8		1/8	1	1611				
65	65	1/4	1/4	2/4	3	1	0					ff			
65	65	1/4	1/4	2/4	3	1	1/8		1/8	1	1612				
65	65	0	0	2/4	4	1	0					p			
65	65	0	0	2/4	4	1	1/8		1/8	1	1613				
65	65	1/4	1/4	2/4	4	1	0					ff			
65	65	1/4	1/4	2/4	4	1	1/8		1/8	1	1614				
66	66	0	0	2/4	1	1	0					p			
66	66	0	0	2/4	1	1	1/16		1/16	1	1615				
66	66	1/8	1/8	2/4	1	1	1/16		1/16	1	1616				
66	66	1/4	1/4	2/4	1	1	1/16		1/16	1	1617				
66	66	0	0	2/4	2	1	0					p			
66	66	0	0	2/4	2	1	1/16		1/16	1	1618				
66	66	1/8	1/8	2/4	2	1	1/16		1/16	1	1619				
66	66	1/4	1/4	2/4	2	1	1/16		1/16	1	1620				
66	66	3/8	3/8	2/4	2	1	0					pp			
66	66	7/16	7/16	2/4	2	1	1/16		1/16	1	1621				
66	66	0	0	2/4	3	1	0					p			
66	66	0	0	2/4	3	1	1/16		1/16	1	1622				
66	66	1/8	1/8	2/4	3	1	1/16		1/16	1	1623				
66	66	1/4	1/4	2/4	3	1	1/16		1/16	1	1624				
66	66	7/16	7/16	2/4	3	1	0					pp			
66	66	7/16	7/16	2/4	3	1	1/16		1/16	1	1625				
66	66	0	0	2/4	4	1	0					p			
66	66	0	0	2/4	4	1	1/16		1/16	1	1626				
66	66	1/8	1/8	2/4	4	1	1/16		1/16	1	1627				
66	66	1/4	1/4	2/4	4	1	1/16		1/16	1	1628				
66	66	7/16	7/16	2/4	4	1	0					pp			
66	66	7/16	7/16	2/4	4	1	1/16		1/16	1	1629				
67	67	0	0	2/4	2	1	1/8		1/8	1	1630				
67	67	1/8	1/8	2/4	2	1	1/16		1/16	1	1631				
67	67	3/16	3/16	2/4	2	1	1/16		1/16	1	1632				
67	67	1/4	1/4	2/4	2	1	1/8		1/8	1	1633				
67	67	3/8	3/8	2/4	2	1	1/16		1/16	1	1634				
67	67	7/16	7/16	2/4	2	1	1/16		1/16	1	1635				
67	67	0	0	2/4	3	1	1/8		1/8	1	1636				
67	67	1/8	1/8	2/4	3	1	1/16		1/16	1	1637				
67	67	3/16	3/16	2/4	3	1	1/16		1/16	1	1638				
67	67	1/4	1/4	2/4	3	1	1/8		1/8	1	1639				
67	67	3/8	3/8	2/4	3	1	1/16		1/16	1	1640				
67	67	7/16	7/16	2/4	3	1	1/16		1/16	1	1641				
67	67	0	0	2/4	4	1	1/8		1/8	1	1642				
67	67	1/8	1/8	2/4	4	1	1/16		1/16	1	1643				
67	67	3/16	3/16	2/4	4	1	1/16		1/16	1	1644				
67	67	1/4	1/4	2/4	4	1	1/8		1/8	1	1645				
67	67	3/8	3/8	2/4	4	1	1/16		1/16	1	1646				
67	67	7/16	7/16	2/4	4	1	1/16		1/16	1	1647				
68	68	7/16	7/16	2/4	1	1	0					pp			
68	68	7/16	7/16	2/4	1	1	1/16		1/16	1	1648				
68	68	0	0	2/4	2	1	1/16		1/16	1	1649				
68	68	1/16	1/16	2/4	2	1	1/16		1/16	1	1650				
68	68	1/8	1/8	2/4	2	1	1/16		1/16	1	1651				
68	68	3/16	3/16	2/4	2	1	1/16		1/16	1	1652				
68	68	1/4	1/4	2/4	2	1	1/8		1/8	1	1653				
68	68	1/2	1/2	2/4	2	1	0					pp			
68	68	0	0	2/4	3	1	1/16		1/16	1	1654				
68	68	1/16	1/16	2/4	3	1	1/16		1/16	1	1655				
68	68	1/8	1/8	2/4	3	1	1/16		1/16	1	1656				
68	68	3/16	3/16	2/4	3	1	1/16		1/16	1	1657				
68	68	1/4	1/4	2/4	3	1	1/8		1/8	1	1658				
68	68	0	0	2/4	4	1	1/16		1/16	1	1659				
68	68	1/16	1/16	2/4	4	1	1/16		1/16	1	1660				
68	68	1/8	1/8	2/4	4	1	1/16		1/16	1	1661				
68	68	3/16	3/16	2/4	4	1	1/16		1/16	1	1662				
68	68	1/4	1/4	2/4	4	1	1/8		1/8	1	1663				
69	69	0	0	2/4	1	1	1/8		1/8	1	1664				
69	69	1/8	1/8	2/4	1	1	1/16		1/16	1	1665				
69	69	3/16	3/16	2/4	1	1	0					sf			
69	69	3/16	3/16	2/4	1	1	1/16		1/16	1	1666				
69	69	1/4	1/4	2/4	1	1	0						cresc.		
69	69	1/4	1/4	2/4	1	1	1/8		1/8	1	1667				
69	69	3/8	3/8	2/4	1	1	1/16		1/16	1	1668				
69	69	7/16	7/16	2/4	1	1	0					sf			
69	69	7/16	7/16	2/4	1	1	1/16		1/16	1	1669				
69	69	0	0	2/4	2	1	3/16		1/8	3/2	1670				
69	69	3/16	3/16	2/4	2	1	1/16		1/16	1	1671				
69	69	1/4	1/4	2/4	2	1	0						cresc.		
69	69	1/4	1/4	2/4	2	1	3/16		1/8	3/2	1672				
69	69	7/16	7/16	2/4	2	1	0					sf			
69	69	7/16	7/16	2/4	2	1	1/16		1/16	1	1673				
69	69	0	0	2/4	3	1	0					pp			
69	69	0	0	2/4	3	1	3/16		1/8	3/2	1674				
69	69	3/16	3/16	2/4	3	1	0					sf			
69	69	3/16	3/16	2/4	3	1	1/16		1/16	1	1675				
69	69	1/4	1/4	2/4	3	1	3/16		1/8	3/2	1676				
69	69	7/16	7/16	2/4	3	1	0					sf			
69	69	7/16	7/16	2/4	3	1	1/16		1/16	1	1677				
69	69	0	0	2/4	4	1	0					pp			
69	69	0	0	2/4	4	1	3/16		1/8	3/2	1678				
69	69	3/16	3/16	2/4	4	1	0					sf			
69	69	3/16	3/16	2/4	4	1	0					sf			
69	69	3/16	3/16	2/4	4	1	1/16		1/16	1	1679				
69	69	1/4	1/4	2/4	4	1	0						cresc.		
69	69	1/4	1/4	2/4	4	1	0						cresc.		
69	69	1/4	1/4	2/4	4	1	3/16		1/8	3/2	1680				
69	69	7/16	7/16	2/4	4	1	0					sf			
69	69	7/16	7/16	2/4	4	1	1/16		1/16	1	1681				
70	70	0	0	2/4	1	1	1/8		1/8	1	1682				
70	70	1/8	1/8	2/4	1	1	1/16		1/16	1	1683				
70	70	3/16	3/16	2/4	1	1	0					sf			
70	70	3/16	3/16	2/4	1	1	1/16		1/16	1	1684				
70	70	1/4	1/4	2/4	1	1	0					p			
70	70	1/4	1/4	2/4	1	1	1/4		1/4	1	1685				
70	70	0	0	2/4	2	1	3/16		1/8	3/2	1686				
70	70	3/16	3/16	2/4	2	1	0					sf			
70	70	3/16	3/16	2/4	2	1	1/16		1/16	1	1687				
70	70	1/4	1/4	2/4	2	1	0					p			
70	70	1/4	1/4	2/4	2	1	1/16		1/16	1	1688				
70	70	5/16	5/16	2/4	2	1	1/16		1/16	1	1689				
70	70	3/8	3/8	2/4	2	1	1/16		1/16	1	1690				
70	70	7/16	7/16	2/4	2	1	1/16		1/16	1	1691				
70	70	0	0	2/4	3	1	3/16		1/8	3/2	1692				
70	70	3/16	3/16	2/4	3	1	0					sf			
70	70	3/16	3/16	2/4	3	1	1/16		1/16	1	1693				
70	70	1/4	1/4	2/4	3	1	0					p			
70	70	1/4	1/4	2/4	3	1	1/16		1/16	1	1694				
70	70	5/16	5/16	2/4	3	1	1/16		1/16	1	1695				
70	70	3/8	3/8	2/4	3	1	1/16		1/16	1	1696				
70	70	7/16	7/16	2/4	3	1	1/16		1/16	1	1697				
70	70	0	0	2/4	4	1	3/16		1/8	3/2	1698				
70	70	3/16	3/16	2/4	4	1	0					sf			
70	70	3/16	3/16	2/4	4	1	1/16		1/16	1	1699				
70	70	1/4	1/4	2/4	4	1	0					p			
70	70	1/4	1/4	2/4	4	1	1/16		1/16	1	1700				
70	70	5/16	5/16	2/4	4	1	1/8		1/8	1	1701				
70	70	7/16	7/16	2/4	4	1	1/16		1/16	1	1702				
71	71	0	0	2/4	1	1	0						cresc.		
71	71	0	0	2/4	1	1	1/16		1/16	1	1703				
71	71	1/16	1/16	2/4	1	1	1/32		1/32	1	1704				
71	71	3/32	3/32	2/4	1	1	1/32		1/32	1	1705				
71	71	1/8	1/8	2/4	1	1	1/16		1/16	1	1706				
71	71	3/16	3/16	2/4	1	1	1/16		1/16	1	1707				
71	71	1/4	1/4	2/4	1	1	1/16		1/16	1	1708				
71	71	5/16	5/16	2/4	1	1	1/32		1/32	1	1709				
71	71	11/32	11/32	2/4	1	1	1/32		1/32	1	1710				
71	71	3/8	3/8	2/4	1	1	1/32		1/32	1	1711				
71	71	13/32	13/32	2/4	1	1	1/32		1/32	1	1712				
71	71	7/16	7/16	2/4	1	1	1/16		1/16	1	1713				
71	71	0	0	2/4	2	1	1/16		1/16	1	1714				
71	71	1/16	1/16	2/4	2	1	1/16		1/16	1	1715				
71	71	1/8	1/8	2/4	2	1	1/16		1/16	1	1716				
71	71	3/16	3/16	2/4	2	1	1/16		1/16	1	1717				
71	71	1/4	1/4	2/4	2	1	1/16		1/16	1	1718				
71	71	5/16	5/16	2/4	2	1	1/16		1/16	1	1719				
71	71	3/8	3/8	2/4	2	1	1/16		1/16	1	1720				
71	71	7/16	7/16	2/4	2	1	1/16		1/16	1	1721				
71	71	0	0	2/4	3	1	0						cresc.		
71	71	0	0	2/4	3	1	0						cresc.		
71	71	0	0	2/4	3	1	1/16		1/16	1	1722				
71	71	1/16	1/16	2/4	3	1	1/16		1/16	1	1723				
71	71	1/8	1/8	2/4	3	1	1/16		1/16	1	1724				
71	71	3/16	3/16	2/4	3	1	1/16		1/16	1	1725				
71	71	1/4	1/4	2/4	3	1	1/16		1/16	1	1726				
71	71	5/16	5/16	2/4	3	1	1/16		1/16	1	1727				
71	71	3/8	3/8	2/4	3	1	1/16		1/16	1	1728				
71	71	7/16	7/16	2/4	3	1	1/16		1/16	1	1729				
71	71	0	0	2/4	4	1	0						cresc.		
71	71	0	0	2/4	4	1	1/16		1/16	1	1730				
71	71	1/16	1/16	2/4	4	1	1/16		1/16	1	1731				
71	71	1/8	1/8	2/4	4	1	1/16		1/16	1	1732				
71	71	3/16	3/16	2/4	4	1	1/16		1/16	1	1733				
71	71	1/4	1/4	2/4	4	1	1/16		1/16	1	1734				
71	71	5/16	5/16	2/4	4	1	1/16		1/16	1	1735				
71	71	3/8	3/8	2/4	4	1	1/16		1/16	1	1736				
71	71	7/16	7/16	2/4	4	1	1/16		1/16	1	1737				
72	72	0	0	2/4	1	1	0					p			
72	72	0	0	2/4	1	1	1/8		1/8	1	1738				
72	72	1/4	1/4	2/4	1	1	0					ff			
72	72	1/4	1/4	2/4	1	1	1/8		1/8	1	1739				
72	72	0	0	2/4	2	1	0					p			
72	72	0	0	2/4	2	1	1/8		1/8	1	1740				
72	72	1/4	1/4	2/4	2	1	0					ff			
72	72	1/4	1/4	2/4	2	1	1/8		1/8	1	1741				
72	72	0	0	2/4	3	1	0					p			
72	72	0	0	2/4	3	1	1/8		1/8	1	1742				
72	72	1/4	1/4	2/4	3	1	0					ff			
72	72	1/4	1/4	2/4	3	1	1/8		1/8	1	1743				
72	72	0	0	2/4	4	1	0					p			
72	72	0	0	2/4	4	1	1/8		1/8	1	1744				
72	72	1/4	1/4	2/4	4	1	0					ff			
72	72	1/4	1/4	2/4	4	1	1/8		1/8	1	1745				
73	73	0	0	2/4	1	1	0					pp			
73	73	0	0	2/4	1	1	1/16		1/16	1	1746				
73	73	1/8	1/8	2/4	1	1	1/16		1/16	1	1747				
73	73	1/4	1/4	2/4	1	1	1/16		1/16	1	1748				
73	73	0	0	2/4	2	1	0					pp			
73	73	0	0	2/4	2	1	1/16		1/16	1	1749				
73	73	1/8	1/8	2/4	2	1	1/16		1/16	1	1750				
73	73	1/4	1/4	2/4	2	1	1/16		1/16	1	1751				
73	73	0	0	2/4	3	1	0					pp			
73	73	0	0	2/4	3	1	1/16		1/16	1	1752				
73	73	1/8	1/8	2/4	3	1	1/16		1/16	1	1753				
73	73	1/4	1/4	2/4	3	1	1/16		1/16	1	1754				
73	73	7/16	7/16	2/4	3	1	1/64		1/64	1	1755				
73	73	29/64	29/64	2/4	3	1	1/64		1/64	1	1756				
73	73	15/32	15/32	2/4	3	1	1/64		1/64	1	1757				
73	73	31/64	31/64	2/4	3	1	1/64		1/64	1	1758				
73	73	0	0	2/4	4	1	0					pp			
73	73	0	0	2/4	4	1	1/16		1/16	1	1759				
73	73	1/8	1/8	2/4	4	1	1/16		1/16	1	1760				
73	73	1/4	1/4	2/4	4	1	1/16		1/16	1	1761				
74	74	7/16	7/16	2/4	1	1	1/64		1/64	1	1762				
74	74	29/64	29/64	2/4	1	1	1/64		1/64	1	1763				
74	74	15/32	15/32	2/4	1	1	1/64		1/64	1	1764				
74	74	31/64	31/64	2/4	1	1	1/64		1/64	1	1765				
74	74	3/16	3/16	2/4	2	1	1/64		1/64	1	1766				
74	74	13/64	13/64	2/4	2	1	1/64		1/64	1	1767				
74	74	7/32	7/32	2/4	2	1	1/64		1/64	1	1768				
74	74	15/64	15/64	2/4	2	1	1/64		1/64	1	1769				
74	74	1/4	1/4	2/4	2	1	1/8		1/8	1	1770				
74	74	0	0	2/4	3	1	1/8		1/8	1	1771				
74	74	0	0	2/4	4	1	1/4		1/4	1	1772				
74	74	1/4	1/4	2/4	4	1	1/4		1/4	1	1773				
75	75	0	0	2/4	1	1	1/16		1/16	1	1774				
75	75	1/16	1/16	2/4	1	1	1/64		1/64	1	1775				
75	75	5/64	5/64	2/4	1	1	1/64		1/64	1	1776				
75	75	3/32	3/32	2/4	1	1	1/64		1/64	1	1777				
75	75	7/64	7/64	2/4	1	1	1/64		1/64	1	1778				
75	75	1/8	1/8	2/4	1	1	1/16		1/16	1	1779				
75	75	3/16	3/16	2/4	1	1	1/64		1/64	1	1780				
75	75	13/64	13/64	2/4	1	1	1/64		1/64	1	1781				
75	75	7/32	7/32	2/4	1	1	1/64		1/64	1	1782				
75	75	15/64	15/64	2/4	1	1	1/64		1/64	1	1783				
75	75	1/4	1/4	2/4	1	1	1/8		1/8	1	1784				
75	75	0	0	2/4	2	1	1/16		1/16	1	1785				
75	75	1/8	1/8	2/4	2	1	1/16		1/16	1	1786				
75	75	1/4	1/4	2/4	2	1	1/16		1/16	1	1787				
75	75	0	0	2/4	3	1	1/16		1/16	1	1788				
75	75	1/8	1/8	2/4	3	1	1/16		1/16	1	1789				
75	75	1/4	1/4	2/4	3	1	1/16		1/16	1	1790				
75	75	3/8	3/8	2/4	3	1	1/64		1/64	1	1791				
75	75	25/64	25/64	2/4	3	1	1/64		1/64	1	1792				
75	75	13/32	13/32	2/4	3	1	1/64		1/64	1	1793				
75	75	27/64	27/64	2/4	3	1	1/64		1/64	1	1794				
75	75	7/16	7/16	2/4	3	1	1/64		1/64	1	1795				
75	75	29/64	29/64	2/4	3	1	1/64		1/64	1	1796				
75	75	15/32	15/32	2/4	3	1	1/64		1/64	1	1797				
75	75	31/64	31/64	2/4	3	1	1/64		1/64	1	1798				
75	75	0	0	2/4	4	1	1/16		1/16	1	1799				
75	75	1/8	1/8	2/4	4	1	1/16		1/16	1	1800				
75	75	1/4	1/4	2/4	4	1	1/16		1/16	1	1801				
76	76	3/8	3/8	2/4	1	1	1/64		1/64	1	1802				
76	76	25/64	25/64	2/4	1	1	1/64		1/64	1	1803				
76	76	13/32	13/32	2/4	1	1	1/64		1/64	1	1804				
76	76	27/64	27/64	2/4	1	1	1/64		1/64	1	1805				
76	76	7/16	7/16	2/4	1	1	1/64		1/64	1	1806				
76	76	29/64	29/64	2/4	1	1	1/64		1/64	1	1807				
76	76	15/32	15/32	2/4	1	1	1/64		1/64	1	1808				
76	76	31/64	31/64	2/4	1	1	1/64		1/64	1	1809				
76	76	1/8	1/8	2/4	2	1	1/64		1/64	1	1810				
76	76	9/64	9/64	2/4	2	1	1/64		1/64	1	1811				
76	76	5/32	5/32	2/4	2	1	1/64		1/64	1	1812				
76	76	11/64	11/64	2/4	2	1	1/64		1/64	1	1813				
76	76	3/16	3/16	2/4	2	1	1/64		1/64	1	1814				
76	76	13/64	13/64	2/4	2	1	1/64		1/64	1	1815				
76	76	7/32	7/32	2/4	2	1	1/64		1/64	1	1816				
76	76	15/64	15/64	2/4	2	1	1/64		1/64	1	1817				
76	76	1/4	1/4	2/4	2	1	1/8		1/8	1	1818				
76	76	0	0	2/4	3	1	1/8		1/8	1	1819				
76	76	0	0	2/4	4	1	1/4		1/4	1	1820				
76	76	1/4	1/4	2/4	4	1	1/4		1/4	1	1821				
77	77	0	0	2/4	1	1	1/16		1/16	1	1822				
77	77	1/16	1/16	2/4	1	1	1/96		1/64	2/3	1823				
77	77	7/96	7/96	2/4	1	1	1/96		1/64	2/3	1824				
77	77	1/12	1/12	2/4	1	1	1/96		1/64	2/3	1825				
77	77	3/32	3/32	2/4	1	1	1/96		1/64	2/3	1826				
77	77	5/48	5/48	2/4	1	1	1/96		1/64	2/3	1827				
77	77	11/96	11/96	2/4	1	1	1/96		1/64	2/3	1828				
77	77	1/8	1/8	2/4	1	1	1/16		1/16	1	1829				
77	77	3/16	3/16	2/4	1	1	1/96		1/64	2/3	1830				
77	77	19/96	19/96	2/4	1	1	1/96		1/64	2/3	1831				
77	77	5/24	5/24	2/4	1	1	1/96		1/64	2/3	1832				
77	77	7/32	7/32	2/4	1	1	1/96		1/64	2/3	1833				
77	77	11/48	11/48	2/4	1	1	1/96		1/64	2/3	1834				
77	77	23/96	23/96	2/4	1	1	1/96		1/64	2/3	1835				
77	77	1/4	1/4	2/4	1	1	1/8		1/8	1	1836				
77	77	7/16	7/16	2/4	1	1	0					pp			
77	77	7/16	7/16	2/4	1	1	1/16		1/16	1	1837				
77	77	0	0	2/4	2	1	1/16		1/16	1	1838				
77	77	1/8	1/8	2/4	2	1	1/16		1/16	1	1839				
77	77	1/4	1/4	2/4	2	1	1/16		1/16	1	1840				
77	77	0	0	2/4	3	1	1/16		1/16	1	1841				
77	77	1/8	1/8	2/4	3	1	1/16		1/16	1	1842				
77	77	1/4	1/4	2/4	3	1	1/16		1/16	1	1843				
77	77	0	0	2/4	4	1	1/16		1/16	1	1844				
77	77	1/8	1/8	2/4	4	1	1/16		1/16	1	1845				
77	77	1/4	1/4	2/4	4	1	1/16		1/16	1	1846				
78	78	0	0	2/4	1	1	1/8		1/8	1	1847				
78	78	3/16	3/16	2/4	1	1	1/16		1/16	1	1848				
78	78	1/4	1/4	2/4	1	1	1/8		1/8	1	1849				
78	78	7/16	7/16	2/4	1	1	1/16		1/16	1	1850				
78	78	3/16	3/16	2/4	2	1	1/16		1/16	1	1851				
78	78	1/4	1/4	2/4	2	1	1/8		1/8	1	1852				
78	78	1/4	1/4	2/4	3	1	0					pp			
78	78	7/16	7/16	2/4	3	1	1/16		1/16	1	1853				
79	79	0	0	2/4	1	1	1/8		1/8	1	1854				
79	79	1/8	1/8	2/4	1	1	0					p			
79	79	1/8	1/8	2/4	1	1	0						pizz.		
79	79	1/8	1/8	2/4	1	1	1/8		1/8	1	1855				
79	79	1/4	1/4	2/4	1	1	1/8		1/8	1	1856				
79	79	1/8	1/8	2/4	2	1	0						pizz.		
79	79	1/8	1/8	2/4	2	1	0					p			
79	79	1/8	1/8	2/4	2	1	1/8		1/8	1	1857				
79	79	1/4	1/4	2/4	2	1	1/8		1/8	1	1858				
79	79	0	0	2/4	3	1	1/8		1/8	1	1859				
79	79	1/8	1/8	2/4	3	1	0					p			
79	79	1/8	1/8	2/4	3	1	0						pizz.		
79	79	1/8	1/8	2/4	3	1	1/8		1/8	1	1860				
79	79	1/4	1/4	2/4	3	1	1/8		1/8	1	1861				
79	79	1/8	1/8	2/4	4	1	0					p			
79	79	1/8	1/8	2/4	4	1	0						pizz.		
79	79	1/8	1/8	2/4	4	1	1/8		1/8	1	1862				
79	79	1/4	1/4	2/4	4	1	1/8		1/8	1	1863				
