mc	mn	mc_onset	mn_onset	timesig	staff	voice	duration	nominal_duration	scalar	tied	tpc	midi	chord_id
1	1	0	0	2/4	4	1	1/8	1/8	1		-3	51	12
1	1	0	0	2/4	2	1	1/8	1/8	1		1	55	8
1	1	0	0	2/4	3	1	1/8	1/8	1		-2	58	10
1	1	0	0	2/4	2	1	1/8	1/8	1		-3	63	8
1	1	0	0	2/4	1	1	1/16	1/16	1		-3	75	0
1	1	1/16	1/16	2/4	1	1	1/16	1/16	1		1	79	1
1	1	1/8	1/8	2/4	1	1	1/16	1/16	1		1	79	2
1	1	3/16	3/16	2/4	1	1	1/16	1/16	1		1	79	3
1	1	1/4	1/4	2/4	4	1	1/8	1/8	1		-3	51	13
1	1	1/4	1/4	2/4	2	1	1/8	1/8	1		-2	58	9
1	1	1/4	1/4	2/4	3	1	1/8	1/8	1		-3	63	11
1	1	1/4	1/4	2/4	2	1	1/8	1/8	1		1	67	9
1	1	1/4	1/4	2/4	1	1	1/16	1/16	1		1	79	4
1	1	5/16	5/16	2/4	1	1	1/16	1/16	1		-2	82	5
1	1	3/8	3/8	2/4	1	1	1/16	1/16	1		-2	82	6
1	1	7/16	7/16	2/4	1	1	1/16	1/16	1		-2	82	7
2	2	0	0	2/4	4	1	1/8	1/8	1		2	50	26
2	2	0	0	2/4	2	1	1/8	1/8	1		-2	58	22
2	2	0	0	2/4	3	1	1/8	1/8	1		-1	65	24
2	2	0	0	2/4	2	1	1/8	1/8	1		-4	68	22
2	2	0	0	2/4	1	1	1/16	1/16	1		-2	82	14
2	2	1/16	1/16	2/4	1	1	1/16	1/16	1		-4	80	15
2	2	1/8	1/8	2/4	1	1	1/16	1/16	1		-4	80	16
2	2	3/16	3/16	2/4	1	1	1/16	1/16	1		-1	77	17
2	2	1/4	1/4	2/4	4	1	1/8	1/8	1		-4	56	27
2	2	1/4	1/4	2/4	2	1	1/8	1/8	1		-2	58	23
2	2	1/4	1/4	2/4	3	1	1/8	1/8	1		2	62	25
2	2	1/4	1/4	2/4	2	1	1/8	1/8	1		-1	65	23
2	2	1/4	1/4	2/4	1	1	1/16	1/16	1		-1	77	18
2	2	5/16	5/16	2/4	1	1	1/16	1/16	1		2	74	19
2	2	3/8	3/8	2/4	1	1	1/16	1/16	1		2	74	20
2	2	7/16	7/16	2/4	1	1	1/16	1/16	1		-2	70	21
3	3	0	0	2/4	4	1	1/8	1/8	1		1	55	46
3	3	0	0	2/4	3	1	1/8	1/8	1		-2	58	44
3	3	0	0	2/4	2	1	1/8	1/8	1		-3	63	42
3	3	0	0	2/4	1	1	1/16	1/16	1		-2	70	28
3	3	1/16	1/16	2/4	1	1	1/16	1/16	1		-3	75	29
3	3	1/8	1/8	2/4	1	1	1/16	1/16	1		-3	75	30
3	3	3/16	3/16	2/4	1	1	1/64	1/64	1		2	74	31
3	3	13/64	13/64	2/4	1	1	1/64	1/64	1		-3	75	32
3	3	7/32	7/32	2/4	1	1	1/64	1/64	1		-1	77	33
3	3	15/64	15/64	2/4	1	1	1/64	1/64	1		-3	75	34
3	3	1/4	1/4	2/4	4	1	1/8	1/8	1		2	50	47
3	3	1/4	1/4	2/4	3	1	1/8	1/8	1		-2	58	45
3	3	1/4	1/4	2/4	2	1	1/8	1/8	1		-1	65	43
3	3	1/4	1/4	2/4	1	1	1/16	1/16	1		-2	70	35
3	3	5/16	5/16	2/4	1	1	1/16	1/16	1		-1	77	36
3	3	3/8	3/8	2/4	1	1	1/16	1/16	1		-1	77	37
3	3	7/16	7/16	2/4	1	1	1/64	1/64	1		4	76	38
3	3	29/64	29/64	2/4	1	1	1/64	1/64	1		-1	77	39
3	3	15/32	15/32	2/4	1	1	1/64	1/64	1		1	79	40
3	3	31/64	31/64	2/4	1	1	1/64	1/64	1		-1	77	41
4	4	0	0	2/4	4	1	1/16	1/16	1		-3	51	70
4	4	0	0	2/4	2	1	1/16	1/16	1		-2	58	58
4	4	0	0	2/4	3	1	1/16	1/16	1		-3	63	67
4	4	0	0	2/4	2	1	1/16	1/16	1		1	67	58
4	4	0	0	2/4	1	1	1/16	1/16	1		-2	70	48
4	4	1/16	1/16	2/4	1	1	1/64	1/64	1		6	78	49
4	4	5/64	5/64	2/4	1	1	1/64	1/64	1		1	79	50
4	4	3/32	3/32	2/4	1	1	1/64	1/64	1		-4	80	51
4	4	7/64	7/64	2/4	1	1	1/64	1/64	1		1	79	52
4	4	1/8	1/8	2/4	4	1	1/16	1/16	1		-4	44	71
4	4	1/8	1/8	2/4	2	1	1/16	1/16	1		0	60	59
4	4	1/8	1/8	2/4	3	1	1/16	1/16	1		-1	65	68
4	4	1/8	1/8	2/4	2	1	1/16	1/16	1		-4	68	59
4	4	1/8	1/8	2/4	1	1	1/16	1/16	1		0	72	53
4	4	3/16	3/16	2/4	1	1	1/32	1/32	1		-4	80	54
4	4	7/32	7/32	2/4	1	1	1/64	1/64	1		-2	82	55
4	4	15/64	15/64	2/4	1	1	1/64	1/64	1		0	84	56
4	4	1/4	1/4	2/4	4	1	1/16	1/16	1		-2	46	72
4	4	1/4	1/4	2/4	2	1	1/16	1/16	1		-2	58	60
4	4	1/4	1/4	2/4	3	1	1/16	1/16	1		2	62	69
4	4	1/4	1/4	2/4	2	1	1/16	1/16	1		-1	65	60
4	4	1/4	1/4	2/4	1	1	1/8	1/8	1		-1	77	57
4	4	5/16	5/16	2/4	2	1	1/32	1/32	1		-2	70	61
4	4	11/32	11/32	2/4	2	1	1/32	1/32	1		-2	70	62
4	4	3/8	3/8	2/4	2	1	1/32	1/32	1		3	69	63
4	4	13/32	13/32	2/4	2	1	1/32	1/32	1		-4	68	64
4	4	7/16	7/16	2/4	2	1	1/32	1/32	1		1	67	65
4	4	15/32	15/32	2/4	2	1	1/32	1/32	1		-1	65	66
5	5	0	0	2/4	4	1	1/8	1/8	1		-3	39	94
5	5	0	0	2/4	3	1	1/16	1/16	1		1	55	86
5	5	0	0	2/4	2	1	1/16	1/16	1		-3	63	78
5	5	1/16	1/16	2/4	3	1	1/16	1/16	1		-2	58	87
5	5	1/16	1/16	2/4	2	1	1/16	1/16	1		1	67	79
5	5	1/8	1/8	2/4	3	1	1/16	1/16	1		-2	58	88
5	5	1/8	1/8	2/4	2	1	1/16	1/16	1		1	67	80
5	5	3/16	3/16	2/4	3	1	1/16	1/16	1		-2	58	89
5	5	3/16	3/16	2/4	2	1	1/16	1/16	1		1	67	81
5	5	1/4	1/4	2/4	4	1	1/16	1/16	1		-3	51	95
5	5	1/4	1/4	2/4	3	1	1/16	1/16	1		-2	58	90
5	5	1/4	1/4	2/4	2	1	1/16	1/16	1		1	67	82
5	5	1/4	1/4	2/4	1	1	1/8	1/8	1	1	-2	82	73
5	5	5/16	5/16	2/4	4	1	1/16	1/16	1		1	55	96
5	5	5/16	5/16	2/4	3	1	1/16	1/16	1		-2	58	91
5	5	5/16	5/16	2/4	2	1	1/16	1/16	1		-2	70	83
5	5	3/8	3/8	2/4	4	1	1/16	1/16	1		1	55	97
5	5	3/8	3/8	2/4	3	1	1/16	1/16	1		-2	58	92
5	5	3/8	3/8	2/4	2	1	1/16	1/16	1		-2	70	84
5	5	3/8	3/8	2/4	1	1	1/32	1/32	1	-1	-2	82	74
5	5	13/32	13/32	2/4	1	1	1/32	1/32	1		1	79	75
5	5	7/16	7/16	2/4	4	1	1/16	1/16	1		1	55	98
5	5	7/16	7/16	2/4	3	1	1/16	1/16	1		-2	58	93
5	5	7/16	7/16	2/4	2	1	1/16	1/16	1		-2	70	85
5	5	7/16	7/16	2/4	1	1	1/32	1/32	1		-1	77	76
5	5	15/32	15/32	2/4	1	1	1/32	1/32	1		-3	75	77
6	6	0	0	2/4	4	1	1/16	1/16	1		1	55	124
6	6	0	0	2/4	3	1	3/16	1/8	3/2		-2	58	118
6	6	0	0	2/4	2	1	1/16	1/16	1		-2	70	110
6	6	0	0	2/4	1	1	1/16	1/16	1		-3	75	99
6	6	1/16	1/16	2/4	4	1	1/16	1/16	1		-1	53	125
6	6	1/16	1/16	2/4	2	1	1/16	1/16	1		-4	68	111
6	6	1/16	1/16	2/4	1	1	1/16	1/16	1	1	2	74	100
6	6	1/8	1/8	2/4	4	1	1/16	1/16	1		-1	53	126
6	6	1/8	1/8	2/4	2	1	1/16	1/16	1		-4	68	112
6	6	1/8	1/8	2/4	1	1	1/32	1/32	1	-1	2	74	101
6	6	5/32	5/32	2/4	1	1	1/32	1/32	1		-3	75	102
6	6	3/16	3/16	2/4	4	1	1/16	1/16	1		2	50	127
6	6	3/16	3/16	2/4	3	1	1/16	1/16	1		-2	58	119
6	6	3/16	3/16	2/4	2	1	1/16	1/16	1		-1	65	113
6	6	3/16	3/16	2/4	1	1	1/32	1/32	1		-1	77	103
6	6	7/32	7/32	2/4	1	1	1/32	1/32	1		1	79	104
6	6	1/4	1/4	2/4	4	1	1/16	1/16	1		2	50	128
6	6	1/4	1/4	2/4	3	1	1/16	1/16	1		-2	58	120
6	6	1/4	1/4	2/4	2	1	1/16	1/16	1		-1	65	114
6	6	1/4	1/4	2/4	1	1	1/8	1/8	1	1	-4	80	105
6	6	5/16	5/16	2/4	4	1	1/16	1/16	1		-2	46	129
6	6	5/16	5/16	2/4	3	1	1/16	1/16	1		-1	53	121
6	6	5/16	5/16	2/4	2	1	1/16	1/16	1		2	62	115
6	6	3/8	3/8	2/4	4	1	1/16	1/16	1		-2	46	130
6	6	3/8	3/8	2/4	3	1	1/16	1/16	1		-1	53	122
6	6	3/8	3/8	2/4	2	1	1/16	1/16	1		2	62	116
6	6	3/8	3/8	2/4	1	1	1/32	1/32	1	-1	-4	80	106
6	6	13/32	13/32	2/4	1	1	1/32	1/32	1		-1	77	107
6	6	7/16	7/16	2/4	4	1	1/16	1/16	1		-4	44	131
6	6	7/16	7/16	2/4	3	1	1/16	1/16	1		2	50	123
6	6	7/16	7/16	2/4	2	1	1/16	1/16	1		-2	58	117
6	6	7/16	7/16	2/4	1	1	1/32	1/32	1		-2	82	108
6	6	15/32	15/32	2/4	1	1	1/32	1/32	1		-2	82	109
7	7	0	0	2/4	4	1	1/4	1/4	1		1	43	154
7	7	0	0	2/4	3	1	1/4	1/4	1	1	-3	51	152
7	7	0	0	2/4	2	1	1/16	1/16	1		-2	58	138
7	7	0	0	2/4	3	1	1/4	1/4	1		-2	58	152
7	7	0	0	2/4	1	1	3/32	1/16	3/2		-2	82	132
7	7	1/16	1/16	2/4	2	1	1/16	1/16	1		-3	63	139
7	7	3/32	3/32	2/4	1	1	1/32	1/32	1		1	79	133
7	7	1/8	1/8	2/4	2	1	1/16	1/16	1		-3	63	140
7	7	1/8	1/8	2/4	1	1	1/16	1/16	1		-3	75	134
7	7	3/16	3/16	2/4	2	1	1/64	1/64	1		2	62	141
7	7	13/64	13/64	2/4	2	1	1/64	1/64	1		-3	63	142
7	7	7/32	7/32	2/4	2	1	1/64	1/64	1		-1	65	143
7	7	15/64	15/64	2/4	2	1	1/64	1/64	1		-3	63	144
7	7	1/4	1/4	2/4	4	1	1/4	1/4	1		-4	44	155
7	7	1/4	1/4	2/4	3	1	1/4	1/4	1	-1	-3	51	153
7	7	1/4	1/4	2/4	2	1	1/16	1/16	1		0	60	145
7	7	1/4	1/4	2/4	3	1	1/4	1/4	1		0	60	153
7	7	1/4	1/4	2/4	1	1	3/32	1/16	3/2		0	84	135
7	7	5/16	5/16	2/4	2	1	1/16	1/16	1		-4	68	146
7	7	11/32	11/32	2/4	1	1	1/32	1/32	1		-4	80	136
7	7	3/8	3/8	2/4	2	1	1/16	1/16	1		-4	68	147
7	7	3/8	3/8	2/4	1	1	1/16	1/16	1		-1	77	137
7	7	7/16	7/16	2/4	2	1	1/64	1/64	1		1	67	148
7	7	29/64	29/64	2/4	2	1	1/64	1/64	1		-4	68	149
7	7	15/32	15/32	2/4	2	1	1/64	1/64	1		-2	70	150
7	7	31/64	31/64	2/4	2	1	1/64	1/64	1		-4	68	151
8	8	0	0	2/4	4	1	1/16	1/16	1		-2	46	174
8	8	0	0	2/4	3	1	1/16	1/16	1		-2	58	171
8	8	0	0	2/4	2	1	1/16	1/16	1		1	67	160
8	8	1/16	1/16	2/4	2	1	1/64	1/64	1		3	69	161
8	8	1/16	1/16	2/4	1	1	1/16	1/16	1		-3	75	156
8	8	5/64	5/64	2/4	2	1	1/64	1/64	1		-2	70	162
8	8	3/32	3/32	2/4	2	1	1/64	1/64	1		0	72	163
8	8	7/64	7/64	2/4	2	1	1/64	1/64	1		-2	70	164
8	8	1/8	1/8	2/4	4	1	1/16	1/16	1		-2	46	175
8	8	1/8	1/8	2/4	3	1	1/16	1/16	1		-4	56	172
8	8	1/8	1/8	2/4	2	1	1/16	1/16	1		-1	65	165
8	8	3/16	3/16	2/4	2	1	1/64	1/64	1		3	69	166
8	8	3/16	3/16	2/4	1	1	1/16	1/16	1		2	74	157
8	8	13/64	13/64	2/4	2	1	1/64	1/64	1		-2	70	167
8	8	7/32	7/32	2/4	2	1	1/64	1/64	1		0	72	168
8	8	15/64	15/64	2/4	2	1	1/64	1/64	1		-2	70	169
8	8	1/4	1/4	2/4	4	1	1/8	1/8	1		-3	51	176
8	8	1/4	1/4	2/4	3	1	1/8	1/8	1		1	55	173
8	8	1/4	1/4	2/4	2	1	1/8	1/8	1		-3	63	170
8	8	1/4	1/4	2/4	1	1	1/8	1/8	1		-3	75	158
8	8	7/16	7/16	2/4	1	1	1/16	1/16	1		-2	70	159
9	9	0	0	2/4	4	1	3/32	1/16	3/2		-2	46	195
9	9	0	0	2/4	3	1	3/32	1/16	3/2		2	50	189
9	9	0	0	2/4	2	1	3/32	1/16	3/2		-4	68	183
9	9	0	0	2/4	1	1	3/32	1/16	3/2		-1	77	177
9	9	3/32	3/32	2/4	4	1	1/32	1/32	1		-2	46	196
9	9	3/32	3/32	2/4	3	1	1/32	1/32	1		-3	51	190
9	9	3/32	3/32	2/4	2	1	1/32	1/32	1		1	67	184
9	9	3/32	3/32	2/4	1	1	1/32	1/32	1		-3	75	178
9	9	1/8	1/8	2/4	4	1	1/16	1/16	1		-2	46	197
9	9	1/8	1/8	2/4	3	1	1/16	1/16	1		-1	53	191
9	9	1/8	1/8	2/4	2	1	1/16	1/16	1		-1	65	185
9	9	1/8	1/8	2/4	1	1	1/16	1/16	1		2	74	179
9	9	3/16	3/16	2/4	4	1	1/16	1/16	1		-2	46	198
9	9	3/16	3/16	2/4	3	1	1/16	1/16	1		1	55	192
9	9	3/16	3/16	2/4	2	1	1/16	1/16	1		-3	63	186
9	9	3/16	3/16	2/4	1	1	1/16	1/16	1		0	72	180
9	9	1/4	1/4	2/4	4	1	3/16	1/8	3/2		-2	46	199
9	9	1/4	1/4	2/4	3	1	3/16	1/8	3/2		-4	56	193
9	9	1/4	1/4	2/4	2	1	3/16	1/8	3/2		2	62	187
9	9	1/4	1/4	2/4	1	1	3/16	1/8	3/2		-2	70	181
9	9	7/16	7/16	2/4	4	1	1/16	1/16	1		-2	46	200
9	9	7/16	7/16	2/4	3	1	1/16	1/16	1		1	55	194
9	9	7/16	7/16	2/4	2	1	1/16	1/16	1		4	64	188
9	9	7/16	7/16	2/4	1	1	1/16	1/16	1		-2	70	182
10	10	0	0	2/4	4	1	1/16	1/16	1		-2	46	232
10	10	0	0	2/4	3	1	1/16	1/16	1		-4	56	227
10	10	0	0	2/4	2	1	1/16	1/16	1		-1	65	214
10	10	0	0	2/4	1	1	1/16	1/16	1		-2	70	201
10	10	1/16	1/16	2/4	4	1	1/16	1/16	1		-2	46	233
10	10	1/16	1/16	2/4	3	1	1/16	1/16	1		-1	53	228
10	10	1/16	1/16	2/4	2	1	1/16	1/16	1		2	62	215
10	10	1/16	1/16	2/4	1	1	1/16	1/16	1		-2	70	202
10	10	1/8	1/8	2/4	4	1	1/16	1/16	1		-2	46	234
10	10	1/8	1/8	2/4	3	1	1/16	1/16	1		1	55	229
10	10	1/8	1/8	2/4	2	1	1/16	1/16	1		-3	63	216
10	10	1/8	1/8	2/4	1	1	1/16	1/16	1		-2	70	203
10	10	3/16	3/16	2/4	4	1	1/16	1/16	1		-2	46	235
10	10	3/16	3/16	2/4	3	1	1/16	1/16	1		3	57	230
10	10	3/16	3/16	2/4	2	1	1/16	1/16	1		-3	63	217
10	10	3/16	3/16	2/4	1	1	1/16	1/16	1		0	72	204
10	10	1/4	1/4	2/4	4	1	1/8	1/8	1		-2	46	236
10	10	1/4	1/4	2/4	3	1	1/8	1/8	1		-2	58	231
10	10	1/4	1/4	2/4	2	1	3/32	1/16	3/2		2	62	218
10	10	1/4	1/4	2/4	1	1	3/32	1/16	3/2		-1	65	205
10	10	11/32	11/32	2/4	2	1	1/64	1/64	1		-3	63	219
10	10	11/32	11/32	2/4	1	1	1/64	1/64	1		1	67	206
10	10	23/64	23/64	2/4	2	1	1/64	1/64	1		-1	65	220
10	10	23/64	23/64	2/4	1	1	1/64	1/64	1		3	69	207
10	10	3/8	3/8	2/4	2	1	1/48	1/32	2/3		1	67	221
10	10	3/8	3/8	2/4	1	1	1/48	1/32	2/3		-2	70	208
10	10	19/48	19/48	2/4	2	1	1/48	1/32	2/3		3	69	222
10	10	19/48	19/48	2/4	1	1	1/48	1/32	2/3		0	72	209
10	10	5/12	5/12	2/4	2	1	1/48	1/32	2/3		-2	70	223
10	10	5/12	5/12	2/4	1	1	1/48	1/32	2/3		2	74	210
10	10	7/16	7/16	2/4	2	1	1/48	1/32	2/3		0	72	224
10	10	7/16	7/16	2/4	1	1	1/48	1/32	2/3		-3	75	211
10	10	11/24	11/24	2/4	2	1	1/48	1/32	2/3		2	74	225
10	10	11/24	11/24	2/4	1	1	1/48	1/32	2/3		-1	77	212
10	10	23/48	23/48	2/4	2	1	1/48	1/32	2/3		-3	75	226
10	10	23/48	23/48	2/4	1	1	1/48	1/32	2/3		1	79	213
11	11	0	0	2/4	4	1	3/32	1/16	3/2		-2	58	257
11	11	0	0	2/4	3	1	3/32	1/16	3/2		2	62	251
11	11	0	0	2/4	2	1	3/32	1/16	3/2		-1	77	243
11	11	0	0	2/4	1	1	3/32	1/16	3/2		-4	80	237
11	11	3/32	3/32	2/4	4	1	1/32	1/32	1		0	60	258
11	11	3/32	3/32	2/4	3	1	1/32	1/32	1		-3	63	252
11	11	3/32	3/32	2/4	2	1	1/32	1/32	1		-3	75	244
11	11	3/32	3/32	2/4	1	1	1/32	1/32	1		1	79	238
11	11	1/8	1/8	2/4	4	1	1/16	1/16	1		2	62	259
11	11	1/8	1/8	2/4	3	1	1/16	1/16	1		-1	65	253
11	11	1/8	1/8	2/4	2	1	1/16	1/16	1		2	74	245
11	11	1/8	1/8	2/4	1	1	1/16	1/16	1		-1	77	239
11	11	3/16	3/16	2/4	4	1	1/16	1/16	1		-3	63	260
11	11	3/16	3/16	2/4	3	1	1/16	1/16	1		1	67	254
11	11	3/16	3/16	2/4	2	1	1/16	1/16	1		0	72	246
11	11	3/16	3/16	2/4	1	1	1/16	1/16	1		-3	75	240
11	11	1/4	1/4	2/4	4	1	3/16	1/8	3/2		-1	65	261
11	11	1/4	1/4	2/4	3	1	3/16	1/8	3/2		-4	68	255
11	11	1/4	1/4	2/4	2	1	1/16	1/16	1		-2	70	247
11	11	1/4	1/4	2/4	1	1	3/16	1/8	3/2		2	74	241
11	11	5/16	5/16	2/4	2	1	1/16	1/16	1		-7	71	248
11	11	3/8	3/8	2/4	2	1	1/16	1/16	1		-2	70	249
11	11	7/16	7/16	2/4	4	1	1/16	1/16	1		-1	65	262
11	11	7/16	7/16	2/4	3	1	1/16	1/16	1		-4	68	256
11	11	7/16	7/16	2/4	2	1	1/16	1/16	1		-2	70	250
11	11	7/16	7/16	2/4	1	1	1/16	1/16	1		2	74	242
12	12	0	0	2/4	4	1	1/8	1/8	1		-3	63	279
12	12	0	0	2/4	3	1	1/8	1/8	1		1	67	276
12	12	0	0	2/4	2	1	1/8	1/8	1		-2	70	273
12	12	0	0	2/4	1	1	3/32	1/16	3/2		-3	75	263
12	12	3/32	3/32	2/4	1	1	1/32	1/32	1		-1	77	264
12	12	1/8	1/8	2/4	4	1	1/8	1/8	1		0	60	280
12	12	1/8	1/8	2/4	3	1	1/8	1/8	1		-3	63	277
12	12	1/8	1/8	2/4	2	1	1/8	1/8	1		-3	75	274
12	12	1/8	1/8	2/4	1	1	3/32	1/16	3/2		1	79	265
12	12	7/32	7/32	2/4	1	1	1/32	1/32	1		3	81	266
12	12	1/4	1/4	2/4	4	1	1/8	1/8	1		-2	58	281
12	12	1/4	1/4	2/4	3	1	1/8	1/8	1		-1	65	278
12	12	1/4	1/4	2/4	2	1	1/8	1/8	1		2	74	275
12	12	1/4	1/4	2/4	1	1	3/32	1/16	3/2		0	84	267
12	12	11/32	11/32	2/4	1	1	1/32	1/32	1		-2	82	268
12	12	3/8	3/8	2/4	1	1	1/32	1/32	1		3	81	269
12	12	13/32	13/32	2/4	1	1	1/32	1/32	1		-4	80	270
12	12	7/16	7/16	2/4	1	1	1/32	1/32	1		1	79	271
12	12	15/32	15/32	2/4	1	1	1/32	1/32	1		-3	75	272
13	13	0	0	2/4	2	1	1/2	1/2	1		1	55	296
13	13	0	0	2/4	2	1	1/2	1/2	1		-3	63	296
13	13	0	0	2/4	1	1	1/16	1/16	1		-3	75	282
13	13	1/16	1/16	2/4	1	1	1/16	1/16	1		1	79	283
13	13	1/8	1/8	2/4	1	1	1/16	1/16	1		1	79	284
13	13	11/64	11/64	2/4	3	1	1/64	1/64	1		-3	63	297
13	13	3/16	3/16	2/4	3	1	3/64	1/32	3/2		-2	58	298
13	13	3/16	3/16	2/4	1	1	1/64	1/64	1		1	67	285
13	13	13/64	13/64	2/4	1	1	1/64	1/64	1		-2	70	286
13	13	7/32	7/32	2/4	1	1	1/64	1/64	1		-3	75	287
13	13	15/64	15/64	2/4	3	1	1/64	1/64	1		1	55	299
13	13	15/64	15/64	2/4	1	1	1/64	1/64	1		1	79	288
13	13	1/4	1/4	2/4	3	1	1/8	1/8	1		-3	51	300
13	13	1/4	1/4	2/4	1	1	1/16	1/16	1		1	79	289
13	13	5/16	5/16	2/4	1	1	1/16	1/16	1		-2	82	290
13	13	3/8	3/8	2/4	1	1	1/16	1/16	1		-2	82	291
13	13	27/64	27/64	2/4	4	1	1/64	1/64	1		-2	46	301
13	13	7/16	7/16	2/4	4	1	3/64	1/32	3/2		1	43	302
13	13	7/16	7/16	2/4	1	1	1/64	1/64	1		-2	70	292
13	13	29/64	29/64	2/4	1	1	1/64	1/64	1		-3	75	293
13	13	15/32	15/32	2/4	1	1	1/64	1/64	1		1	79	294
13	13	31/64	31/64	2/4	4	1	1/64	1/64	1		-3	39	303
13	13	31/64	31/64	2/4	1	1	1/64	1/64	1		-2	82	295
14	14	0	0	2/4	4	1	1/8	1/8	1		2	38	322
14	14	0	0	2/4	2	1	1/4	1/4	1	1	-2	58	316
14	14	0	0	2/4	2	1	1/4	1/4	1		-1	65	316
14	14	0	0	2/4	1	1	1/16	1/16	1		-2	82	304
14	14	1/16	1/16	2/4	1	1	1/32	1/32	1		-4	80	305
14	14	7/64	7/64	2/4	1	1	1/64	1/64	1		-4	80	306
14	14	1/8	1/8	2/4	1	1	1/16	1/16	1		-4	80	307
14	14	11/64	11/64	2/4	3	1	1/64	1/64	1		-1	65	318
14	14	3/16	3/16	2/4	3	1	3/64	1/32	3/2		2	62	319
14	14	3/16	3/16	2/4	1	1	1/32	1/32	1		-1	77	308
14	14	15/64	15/64	2/4	3	1	1/64	1/64	1		-2	58	320
14	14	15/64	15/64	2/4	1	1	1/64	1/64	1		-1	77	309
14	14	1/4	1/4	2/4	3	1	1/8	1/8	1		-4	56	321
14	14	1/4	1/4	2/4	2	1	1/4	1/4	1	-1	-2	58	317
14	14	1/4	1/4	2/4	2	1	1/4	1/4	1		2	62	317
14	14	1/4	1/4	2/4	1	1	1/16	1/16	1		-1	77	310
14	14	5/16	5/16	2/4	1	1	1/32	1/32	1		2	74	311
14	14	23/64	23/64	2/4	1	1	1/64	1/64	1		2	74	312
14	14	3/8	3/8	2/4	1	1	1/16	1/16	1		2	74	313
14	14	27/64	27/64	2/4	4	1	1/64	1/64	1		-4	44	323
14	14	7/16	7/16	2/4	4	1	3/64	1/32	3/2		-2	46	324
14	14	7/16	7/16	2/4	1	1	1/32	1/32	1		-2	70	314
14	14	31/64	31/64	2/4	4	1	1/64	1/64	1		-1	41	325
14	14	31/64	31/64	2/4	1	1	1/64	1/64	1		-2	70	315
15	15	0	0	2/4	4	1	1/8	1/8	1		1	43	357
15	15	0	0	2/4	2	2	1/8	1/8	1	1	-2	58	343
15	15	0	0	2/4	2	1	1/4	1/4	1	1	-3	63	340
15	15	0	0	2/4	1	1	1/16	1/16	1		-2	70	326
15	15	1/16	1/16	2/4	1	1	1/16	1/16	1		-3	75	327
15	15	1/8	1/8	2/4	2	2	3/64	1/32	3/2	-1	-2	58	344
15	15	1/8	1/8	2/4	1	1	1/16	1/16	1		-3	75	328
15	15	11/64	11/64	2/4	3	1	1/64	1/64	1		-3	51	353
15	15	11/64	11/64	2/4	2	2	1/64	1/64	1		1	55	345
15	15	3/16	3/16	2/4	3	1	3/64	1/32	3/2		-1	53	354
15	15	3/16	3/16	2/4	2	2	3/64	1/32	3/2		-4	56	346
15	15	3/16	3/16	2/4	1	1	1/64	1/64	1		2	74	329
15	15	13/64	13/64	2/4	1	1	1/64	1/64	1		-3	75	330
15	15	7/32	7/32	2/4	1	1	1/64	1/64	1		-1	77	331
15	15	15/64	15/64	2/4	3	1	1/64	1/64	1		1	55	355
15	15	15/64	15/64	2/4	2	2	1/64	1/64	1		-2	58	347
15	15	15/64	15/64	2/4	1	1	1/64	1/64	1		-3	75	332
15	15	1/4	1/4	2/4	3	1	1/8	1/8	1		-4	56	356
15	15	1/4	1/4	2/4	2	2	1/8	1/8	1	1	0	60	348
15	15	1/4	1/4	2/4	2	1	1/8	1/8	1	-1	-3	63	341
15	15	1/4	1/4	2/4	1	1	1/16	1/16	1		0	72	333
15	15	5/16	5/16	2/4	1	1	1/16	1/16	1		-4	80	334
15	15	3/8	3/8	2/4	2	2	3/64	1/32	3/2	-1	0	60	349
15	15	3/8	3/8	2/4	2	1	1/8	1/8	1		-1	65	342
15	15	3/8	3/8	2/4	1	1	1/16	1/16	1		-4	80	335
15	15	27/64	27/64	2/4	4	1	1/64	1/64	1		-1	41	358
15	15	27/64	27/64	2/4	2	2	1/64	1/64	1		-4	56	350
15	15	7/16	7/16	2/4	4	1	3/64	1/32	3/2		-4	44	359
15	15	7/16	7/16	2/4	2	2	3/64	1/32	3/2		0	60	351
15	15	7/16	7/16	2/4	1	1	1/64	1/64	1		1	79	336
15	15	29/64	29/64	2/4	1	1	1/64	1/64	1		-4	80	337
15	15	15/32	15/32	2/4	1	1	1/64	1/64	1		-2	82	338
15	15	31/64	31/64	2/4	4	1	1/64	1/64	1		-1	41	360
15	15	31/64	31/64	2/4	2	2	1/64	1/64	1		-4	56	352
15	15	31/64	31/64	2/4	1	1	1/64	1/64	1		-4	80	339
16	16	0	0	2/4	4	1	1/16	1/16	1		-2	46	379
16	16	0	0	2/4	3	1	1/16	1/16	1		-2	58	376
16	16	0	0	2/4	2	1	1/16	1/16	1		-3	63	373
16	16	0	0	2/4	1	1	1/16	1/16	1		1	79	361
16	16	1/16	1/16	2/4	1	1	1/64	1/64	1		3	81	362
16	16	5/64	5/64	2/4	1	1	1/64	1/64	1		-2	82	363
16	16	3/32	3/32	2/4	1	1	1/64	1/64	1		3	81	364
16	16	7/64	7/64	2/4	1	1	1/64	1/64	1		1	79	365
16	16	1/8	1/8	2/4	4	1	1/16	1/16	1		-2	46	380
16	16	1/8	1/8	2/4	3	1	1/16	1/16	1		-4	56	377
16	16	1/8	1/8	2/4	2	1	1/16	1/16	1		2	62	374
16	16	1/8	1/8	2/4	1	1	1/16	1/16	1		-1	77	366
16	16	3/16	3/16	2/4	1	1	1/64	1/64	1		3	81	367
16	16	13/64	13/64	2/4	1	1	1/64	1/64	1		-2	82	368
16	16	7/32	7/32	2/4	1	1	1/64	1/64	1		0	84	369
16	16	15/64	15/64	2/4	1	1	1/64	1/64	1		-2	82	370
16	16	1/4	1/4	2/4	4	1	1/8	1/8	1		-3	51	381
16	16	1/4	1/4	2/4	3	1	1/8	1/8	1		1	55	378
16	16	1/4	1/4	2/4	2	1	1/8	1/8	1		-3	63	375
16	16	1/4	1/4	2/4	1	1	1/8	1/8	1		-3	75	371
16	16	7/16	7/16	2/4	4	1	1/16	1/16	1		-2	46	382
16	16	7/16	7/16	2/4	1	1	1/16	1/16	1		-2	58	372
17	17	0	0	2/4	4	1	1/8	1/8	1		-2	58	390
17	17	0	0	2/4	1	1	1/8	1/8	1		-2	70	383
17	17	1/8	1/8	2/4	4	1	1/16	1/16	1		-6	54	391
17	17	1/8	1/8	2/4	1	1	1/16	1/16	1		-6	66	384
17	17	3/16	3/16	2/4	4	1	1/16	1/16	1		2	50	392
17	17	3/16	3/16	2/4	1	1	1/16	1/16	1		2	62	385
17	17	1/4	1/4	2/4	4	1	1/8	1/8	1		-3	51	393
17	17	1/4	1/4	2/4	1	1	1/8	1/8	1		-3	63	386
17	17	3/8	3/8	2/4	4	1	1/16	1/16	1		-2	46	394
17	17	3/8	3/8	2/4	1	1	1/16	1/16	1		-2	58	387
17	17	7/16	7/16	2/4	3	1	1/16	1/16	1		2	50	389
17	17	7/16	7/16	2/4	4	1	1/16	1/16	1		2	50	395
17	17	7/16	7/16	2/4	1	1	1/16	1/16	1		2	62	388
18	18	0	0	2/4	3	1	1/16	1/16	1		-3	51	404
18	18	0	0	2/4	4	1	1/16	1/16	1		-3	51	412
18	18	0	0	2/4	1	1	1/16	1/16	1		-3	63	396
18	18	1/16	1/16	2/4	3	1	1/16	1/16	1		-1	53	405
18	18	1/16	1/16	2/4	4	1	1/16	1/16	1		-1	53	413
18	18	1/16	1/16	2/4	1	1	1/16	1/16	1		-1	65	397
18	18	1/8	1/8	2/4	3	1	1/16	1/16	1		-6	54	406
18	18	1/8	1/8	2/4	4	1	1/16	1/16	1		-6	54	414
18	18	1/8	1/8	2/4	1	1	1/16	1/16	1		-6	66	398
18	18	3/16	3/16	2/4	3	1	1/16	1/16	1		3	57	407
18	18	3/16	3/16	2/4	4	1	1/16	1/16	1		3	57	415
18	18	3/16	3/16	2/4	1	1	1/16	1/16	1		3	69	399
18	18	1/4	1/4	2/4	3	1	1/16	1/16	1		-2	58	408
18	18	1/4	1/4	2/4	4	1	1/16	1/16	1		-2	58	416
18	18	1/4	1/4	2/4	1	1	1/16	1/16	1		-2	70	400
18	18	5/16	5/16	2/4	3	1	1/16	1/16	1		0	60	409
18	18	5/16	5/16	2/4	4	1	1/16	1/16	1		0	60	417
18	18	5/16	5/16	2/4	1	1	1/16	1/16	1		0	72	401
18	18	3/8	3/8	2/4	3	1	1/16	1/16	1		-5	61	410
18	18	3/8	3/8	2/4	4	1	1/16	1/16	1		-5	61	418
18	18	3/8	3/8	2/4	1	1	1/16	1/16	1		-5	73	402
18	18	7/16	7/16	2/4	3	1	1/16	1/16	1		4	64	411
18	18	7/16	7/16	2/4	4	1	1/16	1/16	1		4	64	419
18	18	7/16	7/16	2/4	1	1	1/16	1/16	1		4	76	403
19	19	0	0	2/4	2	1	1/8	1/8	1		-1	65	427
19	19	0	0	2/4	4	1	1/8	1/8	1		-1	65	440
19	19	0	0	2/4	3	1	3/16	1/8	3/2		-1	65	434
19	19	0	0	2/4	1	1	1/8	1/8	1	1	-1	77	420
19	19	1/8	1/8	2/4	4	1	1/16	1/16	1		-5	61	441
19	19	1/8	1/8	2/4	2	1	1/16	1/16	1		-2	70	428
19	19	1/8	1/8	2/4	1	1	1/16	1/16	1	-1	-1	77	421
19	19	3/16	3/16	2/4	4	1	1/16	1/16	1		3	57	442
19	19	3/16	3/16	2/4	3	1	1/16	1/16	1	1	-1	65	435
19	19	3/16	3/16	2/4	2	1	1/16	1/16	1		0	72	429
19	19	3/16	3/16	2/4	1	1	1/16	1/16	1		-3	75	422
19	19	1/4	1/4	2/4	4	1	1/16	1/16	1		-2	58	443
19	19	1/4	1/4	2/4	3	1	1/16	1/16	1	-1	-1	65	436
19	19	1/4	1/4	2/4	2	1	1/16	1/16	1		-2	70	430
19	19	1/4	1/4	2/4	1	1	1/16	1/16	1		-5	73	423
19	19	5/16	5/16	2/4	4	1	1/16	1/16	1		-1	53	444
19	19	5/16	5/16	2/4	3	1	1/16	1/16	1		3	57	437
19	19	5/16	5/16	2/4	2	1	1/16	1/16	1		-3	63	431
19	19	5/16	5/16	2/4	1	1	1/16	1/16	1		0	72	424
19	19	3/8	3/8	2/4	4	1	1/16	1/16	1		-6	54	445
19	19	3/8	3/8	2/4	3	1	1/16	1/16	1		-2	58	438
19	19	3/8	3/8	2/4	2	1	1/16	1/16	1		-5	61	432
19	19	3/8	3/8	2/4	1	1	1/16	1/16	1		-2	70	425
19	19	7/16	7/16	2/4	4	1	1/16	1/16	1		-3	51	446
19	19	7/16	7/16	2/4	2	1	1/16	1/16	1		-2	58	433
19	19	7/16	7/16	2/4	3	1	1/16	1/16	1		-3	63	439
19	19	7/16	7/16	2/4	1	1	1/16	1/16	1		-6	66	426
20	20	0	0	2/4	4	1	1/16	1/16	1		-1	53	457
20	20	0	0	2/4	2	1	1/16	1/16	1		-2	58	450
20	20	0	0	2/4	3	1	1/16	1/16	1		-5	61	454
20	20	0	0	2/4	1	1	1/16	1/16	1		-1	65	447
20	20	1/8	1/8	2/4	4	1	1/16	1/16	1		-1	41	458
20	20	1/8	1/8	2/4	2	1	1/16	1/16	1		3	57	451
20	20	1/8	1/8	2/4	3	1	1/16	1/16	1		0	60	455
20	20	1/8	1/8	2/4	1	1	1/16	1/16	1		-1	65	448
20	20	1/4	1/4	2/4	4	1	1/8	1/8	1		-2	46	459
20	20	1/4	1/4	2/4	1	1	1/8	1/8	1		-2	58	449
20	20	1/4	1/4	2/4	2	1	1/8	1/8	1		-2	58	452
20	20	1/4	1/4	2/4	3	1	1/8	1/8	1		-2	58	456
20	20	7/16	7/16	2/4	2	1	1/16	1/16	1		-2	58	453
21	21	0	0	2/4	2	1	1/8	1/8	1		-2	70	476
21	21	0	0	2/4	1	1	1/32	1/32	1		-3	75	460
21	21	1/32	1/32	2/4	1	1	1/32	1/32	1		-1	77	461
21	21	1/16	1/16	2/4	1	1	1/32	1/32	1		-6	78	462
21	21	3/32	3/32	2/4	1	1	1/32	1/32	1		-4	80	463
21	21	1/8	1/8	2/4	2	1	1/16	1/16	1		-6	66	477
21	21	1/8	1/8	2/4	1	1	1/32	1/32	1		-2	82	464
21	21	5/32	5/32	2/4	1	1	1/32	1/32	1		-7	83	465
21	21	3/16	3/16	2/4	2	1	1/16	1/16	1		2	62	478
21	21	3/16	3/16	2/4	1	1	1/32	1/32	1		-2	82	466
21	21	7/32	7/32	2/4	1	1	1/32	1/32	1		-4	80	467
21	21	1/4	1/4	2/4	2	1	1/8	1/8	1		-3	63	479
21	21	1/4	1/4	2/4	1	1	1/32	1/32	1		-4	80	468
21	21	9/32	9/32	2/4	1	1	1/32	1/32	1		-6	78	469
21	21	5/16	5/16	2/4	1	1	1/32	1/32	1		-1	77	470
21	21	11/32	11/32	2/4	1	1	1/32	1/32	1		-3	75	471
21	21	3/8	3/8	2/4	2	1	1/16	1/16	1		-2	58	480
21	21	3/8	3/8	2/4	1	1	1/32	1/32	1		2	74	472
21	21	13/32	13/32	2/4	1	1	1/32	1/32	1		-7	71	473
21	21	7/16	7/16	2/4	2	1	1/16	1/16	1		2	62	481
21	21	7/16	7/16	2/4	1	1	1/32	1/32	1		-2	70	474
21	21	15/32	15/32	2/4	1	1	1/32	1/32	1		-4	68	475
22	22	0	0	2/4	2	1	1/16	1/16	1		-3	63	498
22	22	0	0	2/4	1	1	1/32	1/32	1		-6	66	482
22	22	1/32	1/32	2/4	1	1	1/32	1/32	1		2	74	483
22	22	1/16	1/16	2/4	2	1	1/16	1/16	1		-1	65	499
22	22	1/16	1/16	2/4	1	1	1/32	1/32	1		-3	75	484
22	22	3/32	3/32	2/4	1	1	1/32	1/32	1		2	74	485
22	22	1/8	1/8	2/4	2	1	1/16	1/16	1		-6	66	500
22	22	1/8	1/8	2/4	1	1	1/32	1/32	1		-3	75	486
22	22	5/32	5/32	2/4	1	1	1/32	1/32	1		-6	78	487
22	22	3/16	3/16	2/4	2	1	1/16	1/16	1		3	69	501
22	22	3/16	3/16	2/4	1	1	1/32	1/32	1		-1	77	488
22	22	7/32	7/32	2/4	1	1	1/32	1/32	1		-3	75	489
22	22	1/4	1/4	2/4	4	1	1/16	1/16	1		-2	46	514
22	22	1/4	1/4	2/4	3	1	1/16	1/16	1		-2	58	510
22	22	1/4	1/4	2/4	2	1	1/32	1/32	1		-2	70	502
22	22	1/4	1/4	2/4	1	1	1/32	1/32	1		-5	73	490
22	22	9/32	9/32	2/4	2	1	1/32	1/32	1		3	69	503
22	22	9/32	9/32	2/4	1	1	1/32	1/32	1		3	81	491
22	22	5/16	5/16	2/4	4	1	1/16	1/16	1		0	48	515
22	22	5/16	5/16	2/4	3	1	1/16	1/16	1		0	60	511
22	22	5/16	5/16	2/4	2	1	1/32	1/32	1		-2	70	504
22	22	5/16	5/16	2/4	1	1	1/32	1/32	1		-2	82	492
22	22	11/32	11/32	2/4	2	1	1/32	1/32	1		3	69	505
22	22	11/32	11/32	2/4	1	1	1/32	1/32	1		3	81	493
22	22	3/8	3/8	2/4	4	1	1/16	1/16	1		-5	49	516
22	22	3/8	3/8	2/4	3	1	1/16	1/16	1		-5	61	512
22	22	3/8	3/8	2/4	2	1	1/32	1/32	1		-2	70	506
22	22	3/8	3/8	2/4	1	1	1/32	1/32	1		-2	82	494
22	22	13/32	13/32	2/4	2	1	1/32	1/32	1		-5	73	507
22	22	13/32	13/32	2/4	1	1	1/32	1/32	1		-5	85	495
22	22	7/16	7/16	2/4	4	1	1/16	1/16	1		4	52	517
22	22	7/16	7/16	2/4	3	1	1/16	1/16	1		4	64	513
22	22	7/16	7/16	2/4	2	1	1/32	1/32	1		0	72	508
22	22	7/16	7/16	2/4	1	1	1/32	1/32	1		0	84	496
22	22	15/32	15/32	2/4	2	1	1/32	1/32	1		-2	70	509
22	22	15/32	15/32	2/4	1	1	1/32	1/32	1		-2	82	497
23	23	0	0	2/4	4	1	1/8	1/8	1		-1	53	557
23	23	0	0	2/4	3	1	1/8	1/8	1		-1	65	550
23	23	0	0	2/4	2	1	1/32	1/32	1		3	69	534
23	23	0	0	2/4	1	1	1/32	1/32	1		3	81	518
23	23	1/32	1/32	2/4	2	1	1/32	1/32	1		4	76	535
23	23	1/32	1/32	2/4	1	1	1/32	1/32	1		4	88	519
23	23	1/16	1/16	2/4	2	1	1/32	1/32	1		-1	77	536
23	23	1/16	1/16	2/4	1	1	1/32	1/32	1		-1	89	520
23	23	3/32	3/32	2/4	2	1	1/32	1/32	1		4	76	537
23	23	3/32	3/32	2/4	1	1	1/32	1/32	1		4	88	521
23	23	1/8	1/8	2/4	4	1	1/16	1/16	1		-5	49	558
23	23	1/8	1/8	2/4	3	1	1/16	1/16	1		-5	61	551
23	23	1/8	1/8	2/4	2	1	1/32	1/32	1		-1	77	538
23	23	1/8	1/8	2/4	1	1	1/32	1/32	1		-1	89	522
23	23	5/32	5/32	2/4	2	1	1/32	1/32	1		-6	78	539
23	23	5/32	5/32	2/4	1	1	1/32	1/32	1		-6	90	523
23	23	3/16	3/16	2/4	4	1	1/16	1/16	1		3	45	559
23	23	3/16	3/16	2/4	3	1	1/16	1/16	1		3	57	552
23	23	3/16	3/16	2/4	2	1	1/32	1/32	1		-1	77	540
23	23	3/16	3/16	2/4	1	1	1/32	1/32	1		-1	89	524
23	23	7/32	7/32	2/4	2	1	1/32	1/32	1		-3	75	541
23	23	7/32	7/32	2/4	1	1	1/32	1/32	1		-3	87	525
23	23	1/4	1/4	2/4	4	1	1/16	1/16	1		-2	46	560
23	23	1/4	1/4	2/4	3	1	1/16	1/16	1		-2	58	553
23	23	1/4	1/4	2/4	2	1	1/32	1/32	1		-5	73	542
23	23	1/4	1/4	2/4	1	1	1/32	1/32	1		-5	85	526
23	23	9/32	9/32	2/4	2	1	1/32	1/32	1		0	72	543
23	23	9/32	9/32	2/4	1	1	1/32	1/32	1		0	84	527
23	23	5/16	5/16	2/4	4	1	1/16	1/16	1		-1	41	561
23	23	5/16	5/16	2/4	3	1	1/16	1/16	1		-1	53	554
23	23	5/16	5/16	2/4	2	1	1/32	1/32	1		-2	70	544
23	23	5/16	5/16	2/4	1	1	1/32	1/32	1		-2	82	528
23	23	11/32	11/32	2/4	2	1	1/32	1/32	1		3	69	545
23	23	11/32	11/32	2/4	1	1	1/32	1/32	1		3	81	529
23	23	3/8	3/8	2/4	4	1	1/16	1/16	1		-6	42	562
23	23	3/8	3/8	2/4	3	1	1/16	1/16	1		-6	54	555
23	23	3/8	3/8	2/4	2	1	1/32	1/32	1		0	72	546
23	23	3/8	3/8	2/4	1	1	1/32	1/32	1		0	84	530
23	23	13/32	13/32	2/4	2	1	1/32	1/32	1		-2	70	547
23	23	13/32	13/32	2/4	1	1	1/32	1/32	1		-2	82	531
23	23	7/16	7/16	2/4	4	1	1/16	1/16	1		-3	39	563
23	23	7/16	7/16	2/4	3	1	1/16	1/16	1		-3	51	556
23	23	7/16	7/16	2/4	2	1	1/32	1/32	1		-4	68	548
23	23	7/16	7/16	2/4	1	1	1/32	1/32	1		-4	80	532
23	23	15/32	15/32	2/4	2	1	1/32	1/32	1		-6	66	549
23	23	15/32	15/32	2/4	1	1	1/32	1/32	1		-6	78	533
24	24	0	0	2/4	4	1	1/16	1/16	1		-1	41	585
24	24	0	0	2/4	3	1	1/16	1/16	1		-1	53	582
24	24	0	0	2/4	2	1	1/32	1/32	1		-6	66	573
24	24	0	0	2/4	1	1	1/32	1/32	1		1	79	564
24	24	1/32	1/32	2/4	2	1	1/32	1/32	1		-1	65	574
24	24	1/32	1/32	2/4	1	1	1/32	1/32	1		-1	77	565
24	24	1/16	1/16	2/4	2	1	1/32	1/32	1		-3	63	575
24	24	1/16	1/16	2/4	1	1	1/32	1/32	1		-3	75	566
24	24	3/32	3/32	2/4	2	1	1/32	1/32	1		-5	61	576
24	24	3/32	3/32	2/4	1	1	1/32	1/32	1		-5	73	567
24	24	1/8	1/8	2/4	4	1	1/16	1/16	1		-1	41	586
24	24	1/8	1/8	2/4	3	1	1/16	1/16	1		-1	53	583
24	24	1/8	1/8	2/4	2	1	1/32	1/32	1		-5	61	577
24	24	1/8	1/8	2/4	1	1	1/32	1/32	1		-5	73	568
24	24	5/32	5/32	2/4	2	1	1/32	1/32	1		0	60	578
24	24	5/32	5/32	2/4	1	1	1/32	1/32	1		0	72	569
24	24	3/16	3/16	2/4	2	1	1/32	1/32	1		-3	63	579
24	24	3/16	3/16	2/4	1	1	1/32	1/32	1		-3	75	570
24	24	7/32	7/32	2/4	2	1	1/32	1/32	1		3	57	580
24	24	7/32	7/32	2/4	1	1	1/32	1/32	1		3	69	571
24	24	1/4	1/4	2/4	4	1	1/8	1/8	1		-2	46	587
24	24	1/4	1/4	2/4	2	1	1/8	1/8	1		-2	58	581
24	24	1/4	1/4	2/4	3	1	1/8	1/8	1		-2	58	584
24	24	1/4	1/4	2/4	1	1	1/8	1/8	1		-2	70	572
24	24	7/16	7/16	2/4	4	1	1/16	1/16	1		-5	49	588
25	25	0	0	2/4	4	1	1/8	1/8	1		-5	61	604
25	25	1/8	1/8	2/4	4	1	1/16	1/16	1		-2	58	605
25	25	1/8	1/8	2/4	2	1	1/8	1/8	1		-5	73	594
25	25	3/16	3/16	2/4	4	1	1/16	1/16	1		-1	53	606
25	25	3/16	3/16	2/4	3	1	1/16	1/16	1		-5	61	599
25	25	3/16	3/16	2/4	1	1	1/16	1/16	1		-4	80	589
25	25	1/4	1/4	2/4	4	1	1/16	1/16	1		-6	54	607
25	25	1/4	1/4	2/4	3	1	1/16	1/16	1		-5	61	600
25	25	1/4	1/4	2/4	2	1	1/16	1/16	1	1	-5	73	595
25	25	1/4	1/4	2/4	1	1	1/16	1/16	1		-2	82	590
25	25	5/16	5/16	2/4	4	1	1/32	1/32	1		2	50	608
25	25	5/16	5/16	2/4	3	1	1/32	1/32	1		-1	65	601
25	25	5/16	5/16	2/4	2	1	1/32	1/32	1	-1	-5	73	596
25	25	5/16	5/16	2/4	1	1	1/32	1/32	1		-4	80	591
25	25	3/8	3/8	2/4	4	1	1/16	1/16	1		-6	54	609
25	25	3/8	3/8	2/4	3	1	1/16	1/16	1		-6	66	602
25	25	3/8	3/8	2/4	2	1	1/16	1/16	1	1	-5	73	597
25	25	3/8	3/8	2/4	1	1	1/16	1/16	1		-2	82	592
25	25	7/16	7/16	2/4	4	1	1/32	1/32	1		2	50	610
25	25	7/16	7/16	2/4	3	1	1/32	1/32	1		-1	65	603
25	25	7/16	7/16	2/4	2	1	1/32	1/32	1	-1	-5	73	598
25	25	7/16	7/16	2/4	1	1	1/32	1/32	1		-4	80	593
26	26	0	0	2/4	4	1	1/8	1/8	1		-2	58	626
26	26	1/8	1/8	2/4	4	1	1/16	1/16	1		-6	54	627
26	26	1/8	1/8	2/4	2	1	1/8	1/8	1		-2	70	616
26	26	3/16	3/16	2/4	4	1	1/16	1/16	1		2	50	628
26	26	3/16	3/16	2/4	3	1	1/16	1/16	1		-2	58	621
26	26	3/16	3/16	2/4	1	1	1/16	1/16	1		-1	77	611
26	26	1/4	1/4	2/4	4	1	1/16	1/16	1		-3	51	629
26	26	1/4	1/4	2/4	3	1	1/16	1/16	1		-2	58	622
26	26	1/4	1/4	2/4	2	1	1/16	1/16	1	1	-2	70	617
26	26	1/4	1/4	2/4	1	1	1/16	1/16	1		-6	78	612
26	26	5/16	5/16	2/4	4	1	1/32	1/32	1		-2	46	630
26	26	5/16	5/16	2/4	3	1	1/32	1/32	1		2	62	623
26	26	5/16	5/16	2/4	2	1	1/32	1/32	1	-1	-2	70	618
26	26	5/16	5/16	2/4	1	1	1/32	1/32	1		-1	77	613
26	26	3/8	3/8	2/4	4	1	1/16	1/16	1		-3	51	631
26	26	3/8	3/8	2/4	3	1	1/16	1/16	1		-3	63	624
26	26	3/8	3/8	2/4	2	1	1/16	1/16	1		-2	70	619
26	26	3/8	3/8	2/4	1	1	1/16	1/16	1		-6	78	614
26	26	7/16	7/16	2/4	4	1	1/32	1/32	1		-2	46	632
26	26	7/16	7/16	2/4	3	1	1/32	1/32	1		-5	61	625
26	26	7/16	7/16	2/4	2	1	1/32	1/32	1		1	67	620
26	26	7/16	7/16	2/4	1	1	1/32	1/32	1		-3	87	615
27	27	0	0	2/4	4	1	1/16	1/16	1		-7	47	655
27	27	0	0	2/4	3	1	3/16	1/8	3/2		-3	63	649
27	27	0	0	2/4	2	1	1/16	1/16	1		-4	68	641
27	27	0	0	2/4	1	1	1/16	1/16	1	1	-3	87	633
27	27	1/16	1/16	2/4	4	1	1/16	1/16	1		1	43	656
27	27	1/16	1/16	2/4	2	1	1/16	1/16	1		-5	73	642
27	27	1/16	1/16	2/4	1	1	1/16	1/16	1	-1	-3	87	634
27	27	1/8	1/8	2/4	4	1	1/16	1/16	1		-4	44	657
27	27	1/8	1/8	2/4	2	1	1/16	1/16	1		-7	71	643
27	27	1/8	1/8	2/4	1	1	1/16	1/16	1		-7	83	635
27	27	3/16	3/16	2/4	4	1	1/16	1/16	1		-3	39	658
27	27	3/16	3/16	2/4	3	1	1/16	1/16	1		-5	61	650
27	27	3/16	3/16	2/4	2	1	1/16	1/16	1		-2	70	644
27	27	3/16	3/16	2/4	1	1	1/16	1/16	1		1	79	636
27	27	1/4	1/4	2/4	4	1	1/16	1/16	1		-8	40	659
27	27	1/4	1/4	2/4	3	1	1/16	1/16	1		-7	59	651
27	27	1/4	1/4	2/4	2	1	1/16	1/16	1		-4	68	645
27	27	1/4	1/4	2/4	1	1	1/16	1/16	1		-4	80	637
27	27	5/16	5/16	2/4	4	1	1/16	1/16	1		2	38	660
27	27	5/16	5/16	2/4	3	1	1/16	1/16	1		-2	58	652
27	27	5/16	5/16	2/4	2	1	1/16	1/16	1		-4	68	646
27	27	5/16	5/16	2/4	1	1	1/16	1/16	1		-1	77	638
27	27	3/8	3/8	2/4	4	1	1/16	1/16	1		-3	39	661
27	27	3/8	3/8	2/4	3	1	1/16	1/16	1		-2	58	653
27	27	3/8	3/8	2/4	2	1	1/16	1/16	1		-6	66	647
27	27	3/8	3/8	2/4	1	1	1/16	1/16	1		-6	78	639
27	27	7/16	7/16	2/4	4	1	1/16	1/16	1		-6	42	662
27	27	7/16	7/16	2/4	3	1	1/16	1/16	1		-6	54	654
27	27	7/16	7/16	2/4	2	1	1/16	1/16	1		-2	70	648
27	27	7/16	7/16	2/4	1	1	1/16	1/16	1		-3	75	640
28	28	0	0	2/4	4	1	1/16	1/16	1		-4	44	672
28	28	0	0	2/4	3	1	1/16	1/16	1		-4	56	669
28	28	0	0	2/4	2	1	1/16	1/16	1		-7	71	666
28	28	0	0	2/4	1	1	1/16	1/16	1		-8	76	663
28	28	1/8	1/8	2/4	4	1	1/16	1/16	1		-2	46	673
28	28	1/8	1/8	2/4	3	1	1/16	1/16	1		-1	53	670
28	28	1/8	1/8	2/4	2	1	1/16	1/16	1		-4	68	667
28	28	1/8	1/8	2/4	1	1	1/16	1/16	1		2	74	664
28	28	1/4	1/4	2/4	4	1	1/8	1/8	1		-3	39	674
28	28	1/4	1/4	2/4	3	1	1/8	1/8	1		-3	51	671
28	28	1/4	1/4	2/4	2	1	1/8	1/8	1		-6	66	668
28	28	1/4	1/4	2/4	1	1	1/8	1/8	1		-3	75	665
28	28	7/16	7/16	2/4	4	1	1/16	1/16	1		-5	49	675
29	29	0	0	2/4	4	1	1/8	1/8	1		-5	61	712
29	29	0	0	2/4	3	1	3/16	1/8	3/2		-5	61	701
29	29	1/32	1/32	2/4	2	1	1/32	1/32	1		0	72	686
29	29	1/16	1/16	2/4	2	1	1/32	1/32	1		-5	73	687
29	29	3/32	3/32	2/4	2	1	1/32	1/32	1		0	72	688
29	29	1/8	1/8	2/4	4	1	1/16	1/16	1		-2	58	713
29	29	1/8	1/8	2/4	2	1	1/32	1/32	1		-5	73	689
29	29	5/32	5/32	2/4	2	1	1/32	1/32	1		-3	75	690
29	29	3/16	3/16	2/4	4	1	1/16	1/16	1		-1	53	714
29	29	3/16	3/16	2/4	3	1	1/32	1/32	1		-5	61	702
29	29	3/16	3/16	2/4	2	1	1/32	1/32	1		-5	73	691
29	29	3/16	3/16	2/4	1	1	1/32	1/32	1		-4	80	676
29	29	7/32	7/32	2/4	3	1	1/32	1/32	1		-5	61	703
29	29	7/32	7/32	2/4	2	1	1/32	1/32	1		-7	71	692
29	29	7/32	7/32	2/4	1	1	1/32	1/32	1		-4	80	677
29	29	1/4	1/4	2/4	4	1	1/16	1/16	1		-6	54	715
29	29	1/4	1/4	2/4	3	1	1/32	1/32	1		-4	68	704
29	29	1/4	1/4	2/4	2	1	1/32	1/32	1		-7	71	693
29	29	1/4	1/4	2/4	1	1	1/32	1/32	1		-7	83	678
29	29	9/32	9/32	2/4	3	1	1/32	1/32	1		-6	66	705
29	29	9/32	9/32	2/4	2	1	1/32	1/32	1		-2	70	694
29	29	9/32	9/32	2/4	1	1	1/32	1/32	1		-2	82	679
29	29	5/16	5/16	2/4	4	1	1/32	1/32	1		-5	49	716
29	29	5/16	5/16	2/4	3	1	1/32	1/32	1		-1	65	706
29	29	5/16	5/16	2/4	2	1	1/32	1/32	1		-4	68	695
29	29	5/16	5/16	2/4	1	1	1/32	1/32	1		-4	80	680
29	29	11/32	11/32	2/4	3	1	1/32	1/32	1		-1	65	707
29	29	11/32	11/32	2/4	2	1	1/32	1/32	1		-4	68	696
29	29	11/32	11/32	2/4	1	1	1/32	1/32	1		-4	80	681
29	29	3/8	3/8	2/4	4	1	1/16	1/16	1		-6	54	717
29	29	3/8	3/8	2/4	3	1	1/32	1/32	1		-4	68	708
29	29	3/8	3/8	2/4	2	1	1/32	1/32	1		-7	71	697
29	29	3/8	3/8	2/4	1	1	1/32	1/32	1		-7	83	682
29	29	13/32	13/32	2/4	3	1	1/32	1/32	1		-6	66	709
29	29	13/32	13/32	2/4	2	1	1/32	1/32	1		-2	70	698
29	29	13/32	13/32	2/4	1	1	1/32	1/32	1		-2	82	683
29	29	7/16	7/16	2/4	4	1	1/32	1/32	1		-5	49	718
29	29	7/16	7/16	2/4	3	1	1/32	1/32	1		-1	65	710
29	29	7/16	7/16	2/4	2	1	1/32	1/32	1		-4	68	699
29	29	7/16	7/16	2/4	1	1	1/32	1/32	1		-4	80	684
29	29	15/32	15/32	2/4	3	1	1/32	1/32	1		-1	65	711
29	29	15/32	15/32	2/4	2	1	1/32	1/32	1		-4	68	700
29	29	15/32	15/32	2/4	1	1	1/32	1/32	1		-4	80	685
30	30	0	0	2/4	4	1	1/8	1/8	1		-2	58	755
30	30	0	0	2/4	3	1	3/16	1/8	3/2		-2	58	744
30	30	1/32	1/32	2/4	2	1	1/32	1/32	1		3	69	729
30	30	1/16	1/16	2/4	2	1	1/32	1/32	1		-2	70	730
30	30	3/32	3/32	2/4	2	1	1/32	1/32	1		3	69	731
30	30	1/8	1/8	2/4	4	1	1/16	1/16	1		-6	54	756
30	30	1/8	1/8	2/4	2	1	1/32	1/32	1		-2	70	732
30	30	5/32	5/32	2/4	2	1	1/32	1/32	1		-7	71	733
30	30	3/16	3/16	2/4	4	1	1/16	1/16	1		2	50	757
30	30	3/16	3/16	2/4	3	1	1/32	1/32	1		-2	58	745
30	30	3/16	3/16	2/4	2	1	1/32	1/32	1		-2	70	734
30	30	3/16	3/16	2/4	1	1	1/32	1/32	1		-1	77	719
30	30	7/32	7/32	2/4	3	1	1/32	1/32	1		-2	58	746
30	30	7/32	7/32	2/4	2	1	1/32	1/32	1		-4	68	735
30	30	7/32	7/32	2/4	1	1	1/32	1/32	1		-1	77	720
30	30	1/4	1/4	2/4	4	1	1/16	1/16	1		-3	51	758
30	30	1/4	1/4	2/4	3	1	1/32	1/32	1		-1	65	747
30	30	1/4	1/4	2/4	2	1	1/32	1/32	1		-4	68	736
30	30	1/4	1/4	2/4	1	1	1/32	1/32	1		-4	80	721
30	30	9/32	9/32	2/4	3	1	1/32	1/32	1		-3	63	748
30	30	9/32	9/32	2/4	2	1	1/32	1/32	1		-6	66	737
30	30	9/32	9/32	2/4	1	1	1/32	1/32	1		-6	78	722
30	30	5/16	5/16	2/4	4	1	1/32	1/32	1		-2	46	759
30	30	5/16	5/16	2/4	3	1	1/32	1/32	1		2	62	749
30	30	5/16	5/16	2/4	2	1	1/32	1/32	1		-1	65	738
30	30	5/16	5/16	2/4	1	1	1/32	1/32	1		-1	77	723
30	30	11/32	11/32	2/4	3	1	1/32	1/32	1		2	62	750
30	30	11/32	11/32	2/4	2	1	1/32	1/32	1		-1	65	739
30	30	11/32	11/32	2/4	1	1	1/32	1/32	1		-1	77	724
30	30	3/8	3/8	2/4	4	1	1/16	1/16	1		-3	51	760
30	30	3/8	3/8	2/4	3	1	1/32	1/32	1		-1	65	751
30	30	3/8	3/8	2/4	2	1	1/32	1/32	1		-4	68	740
30	30	3/8	3/8	2/4	1	1	1/32	1/32	1		-4	80	725
30	30	13/32	13/32	2/4	3	1	1/32	1/32	1		-3	63	752
30	30	13/32	13/32	2/4	2	1	1/32	1/32	1		-6	66	741
30	30	13/32	13/32	2/4	1	1	1/32	1/32	1		-6	78	726
30	30	7/16	7/16	2/4	4	1	1/16	1/16	1		-2	46	761
30	30	7/16	7/16	2/4	3	1	1/32	1/32	1		-5	61	753
30	30	7/16	7/16	2/4	2	1	1/32	1/32	1		1	67	742
30	30	7/16	7/16	2/4	1	1	1/32	1/32	1		-3	87	727
30	30	15/32	15/32	2/4	3	1	1/32	1/32	1		-5	61	754
30	30	15/32	15/32	2/4	2	1	1/32	1/32	1		1	67	743
30	30	15/32	15/32	2/4	1	1	1/32	1/32	1		-3	87	728
31	31	0	0	2/4	4	1	1/16	1/16	1		-7	47	801
31	31	0	0	2/4	3	1	1/8	1/8	1		-3	63	794
31	31	0	0	2/4	2	1	1/32	1/32	1		-4	68	778
31	31	0	0	2/4	1	1	1/32	1/32	1		-3	87	762
31	31	1/32	1/32	2/4	2	1	1/32	1/32	1		2	74	779
31	31	1/32	1/32	2/4	1	1	1/32	1/32	1		2	86	763
31	31	1/16	1/16	2/4	4	1	1/16	1/16	1		1	43	802
31	31	1/16	1/16	2/4	2	1	1/32	1/32	1		-3	75	780
31	31	1/16	1/16	2/4	1	1	1/32	1/32	1		-3	87	764
31	31	3/32	3/32	2/4	2	1	1/32	1/32	1		-8	76	781
31	31	3/32	3/32	2/4	1	1	1/32	1/32	1		-8	88	765
31	31	1/8	1/8	2/4	4	1	1/16	1/16	1		-4	44	803
31	31	1/8	1/8	2/4	3	1	1/16	1/16	1		-7	59	795
31	31	1/8	1/8	2/4	2	1	1/32	1/32	1		-3	75	782
31	31	1/8	1/8	2/4	1	1	1/32	1/32	1		-3	87	766
31	31	5/32	5/32	2/4	2	1	1/32	1/32	1		-5	73	783
31	31	5/32	5/32	2/4	1	1	1/32	1/32	1		-5	85	767
31	31	3/16	3/16	2/4	4	1	1/16	1/16	1		-3	39	804
31	31	3/16	3/16	2/4	3	1	1/16	1/16	1		1	55	796
31	31	3/16	3/16	2/4	2	1	1/32	1/32	1		-7	71	784
31	31	3/16	3/16	2/4	1	1	1/32	1/32	1		-7	83	768
31	31	7/32	7/32	2/4	2	1	1/32	1/32	1		-2	70	785
31	31	7/32	7/32	2/4	1	1	1/32	1/32	1		-2	82	769
31	31	1/4	1/4	2/4	4	1	1/16	1/16	1		-8	40	805
31	31	1/4	1/4	2/4	3	1	1/16	1/16	1		-4	56	797
31	31	1/4	1/4	2/4	2	1	1/32	1/32	1		-5	73	786
31	31	1/4	1/4	2/4	1	1	1/32	1/32	1		-5	85	770
31	31	9/32	9/32	2/4	2	1	1/32	1/32	1		-7	71	787
31	31	9/32	9/32	2/4	1	1	1/32	1/32	1		-7	83	771
31	31	5/16	5/16	2/4	4	1	1/16	1/16	1		2	38	806
31	31	5/16	5/16	2/4	3	1	1/16	1/16	1		-1	53	798
31	31	5/16	5/16	2/4	2	1	1/32	1/32	1		-2	70	788
31	31	5/16	5/16	2/4	1	1	1/32	1/32	1		-2	82	772
31	31	11/32	11/32	2/4	2	1	1/32	1/32	1		-4	68	789
31	31	11/32	11/32	2/4	1	1	1/32	1/32	1		-4	80	773
31	31	3/8	3/8	2/4	4	1	1/16	1/16	1		-3	39	807
31	31	3/8	3/8	2/4	3	1	1/16	1/16	1		-6	54	799
31	31	3/8	3/8	2/4	2	1	1/32	1/32	1		-4	68	790
31	31	3/8	3/8	2/4	1	1	1/32	1/32	1		-4	80	774
31	31	13/32	13/32	2/4	2	1	1/32	1/32	1		-6	66	791
31	31	13/32	13/32	2/4	1	1	1/32	1/32	1		-6	78	775
31	31	7/16	7/16	2/4	4	1	1/16	1/16	1		-6	42	808
31	31	7/16	7/16	2/4	3	1	1/16	1/16	1		-2	58	800
31	31	7/16	7/16	2/4	2	1	1/32	1/32	1		-1	65	792
31	31	7/16	7/16	2/4	1	1	1/32	1/32	1		-1	77	776
31	31	15/32	15/32	2/4	2	1	1/32	1/32	1		-3	63	793
31	31	15/32	15/32	2/4	1	1	1/32	1/32	1		-3	75	777
32	32	0	0	2/4	4	1	1/16	1/16	1		-4	44	819
32	32	0	0	2/4	3	1	1/16	1/16	1		-7	59	816
32	32	0	0	2/4	2	1	1/16	1/16	1		-8	64	812
32	32	0	0	2/4	1	1	1/16	1/16	1		-8	76	809
32	32	1/8	1/8	2/4	4	1	1/16	1/16	1		-2	46	820
32	32	1/8	1/8	2/4	3	1	1/16	1/16	1		-4	56	817
32	32	1/8	1/8	2/4	2	1	1/16	1/16	1		2	62	813
32	32	1/8	1/8	2/4	1	1	1/16	1/16	1		2	74	810
32	32	1/4	1/4	2/4	4	1	1/8	1/8	1		-7	47	821
32	32	1/4	1/4	2/4	3	1	1/8	1/8	1		-6	54	818
32	32	1/4	1/4	2/4	2	1	1/8	1/8	1		-3	63	814
32	32	1/4	1/4	2/4	1	1	1/8	1/8	1		-3	75	811
32	32	7/16	7/16	2/4	2	1	1/16	1/16	1		-3	63	815
33	33	0	0	2/4	3	1	1/16	1/16	1		-7	71	845
33	33	0	0	2/4	2	1	1/16	1/16	1		-3	75	837
33	33	1/32	1/32	2/4	1	1	1/32	1/32	1		2	86	822
33	33	1/16	1/16	2/4	3	1	1/16	1/16	1		1	67	846
33	33	1/16	1/16	2/4	2	1	1/16	1/16	1		-2	70	838
33	33	1/16	1/16	2/4	1	1	1/32	1/32	1		-3	87	823
33	33	3/32	3/32	2/4	1	1	1/32	1/32	1		-8	88	824
33	33	1/8	1/8	2/4	3	1	1/16	1/16	1		-4	68	847
33	33	1/8	1/8	2/4	2	1	1/16	1/16	1		-7	71	839
33	33	1/8	1/8	2/4	1	1	1/32	1/32	1		-3	87	825
33	33	5/32	5/32	2/4	1	1	1/32	1/32	1		-5	85	826
33	33	3/16	3/16	2/4	3	1	1/16	1/16	1		-3	63	848
33	33	3/16	3/16	2/4	2	1	1/16	1/16	1		1	67	840
33	33	3/16	3/16	2/4	1	1	1/32	1/32	1		-7	83	827
33	33	7/32	7/32	2/4	1	1	1/32	1/32	1		-2	82	828
33	33	1/4	1/4	2/4	3	1	1/16	1/16	1		-8	64	849
33	33	1/4	1/4	2/4	2	1	1/16	1/16	1		-4	68	841
33	33	1/4	1/4	2/4	1	1	1/32	1/32	1		-5	85	829
33	33	9/32	9/32	2/4	1	1	1/32	1/32	1		-7	83	830
33	33	5/16	5/16	2/4	3	1	1/16	1/16	1		2	62	850
33	33	5/16	5/16	2/4	2	1	1/16	1/16	1		-1	65	842
33	33	5/16	5/16	2/4	1	1	1/32	1/32	1		-2	82	831
33	33	11/32	11/32	2/4	1	1	1/32	1/32	1		-4	80	832
33	33	3/8	3/8	2/4	3	1	1/16	1/16	1		-3	63	851
33	33	3/8	3/8	2/4	2	1	1/16	1/16	1		-6	66	843
33	33	3/8	3/8	2/4	1	1	1/32	1/32	1		-4	80	833
33	33	13/32	13/32	2/4	1	1	1/32	1/32	1		-6	78	834
33	33	7/16	7/16	2/4	3	1	1/16	1/16	1		-6	54	852
33	33	7/16	7/16	2/4	2	1	1/16	1/16	1		-2	58	844
33	33	7/16	7/16	2/4	1	1	1/32	1/32	1		-1	77	835
33	33	15/32	15/32	2/4	1	1	1/32	1/32	1		-3	75	836
34	34	0	0	2/4	3	1	1/8	1/8	1		-4	56	859
34	34	0	0	2/4	2	1	1/8	1/8	1		-7	59	856
34	34	0	0	2/4	1	1	1/8	1/8	1		-8	76	853
34	34	1/4	1/4	2/4	4	1	1/16	1/16	1		3	45	862
34	34	1/4	1/4	2/4	3	1	1/16	1/16	1		3	57	860
34	34	1/4	1/4	2/4	2	1	1/16	1/16	1		0	60	857
34	34	1/4	1/4	2/4	1	1	1/16	1/16	1		-6	66	854
34	34	1/4	1/4	2/4	1	1	1/16	1/16	1		-3	75	854
34	34	3/8	3/8	2/4	4	1	1/16	1/16	1		3	45	863
34	34	3/8	3/8	2/4	3	1	1/16	1/16	1		3	57	861
34	34	3/8	3/8	2/4	2	1	1/16	1/16	1		0	60	858
34	34	3/8	3/8	2/4	1	1	1/16	1/16	1		-6	66	855
34	34	3/8	3/8	2/4	1	1	1/16	1/16	1		-3	75	855
35	35	0	0	2/4	4	1	1/8	1/8	1		-2	46	888
35	35	0	0	2/4	3	1	1/16	1/16	1		-2	58	880
35	35	0	0	2/4	2	1	1/8	1/8	1		2	62	872
35	35	0	0	2/4	1	1	1/8	1/8	1		-1	65	864
35	35	0	0	2/4	1	1	1/8	1/8	1		2	74	864
35	35	1/16	1/16	2/4	3	1	1/16	1/16	1		-2	70	881
35	35	1/8	1/8	2/4	3	1	1/16	1/16	1		-2	70	882
35	35	3/16	3/16	2/4	3	1	1/64	1/64	1		3	69	883
35	35	13/64	13/64	2/4	3	1	1/64	1/64	1		-2	70	884
35	35	7/32	7/32	2/4	3	1	1/64	1/64	1		-7	71	885
35	35	15/64	15/64	2/4	3	1	1/64	1/64	1		-2	70	886
35	35	1/4	1/4	2/4	2	1	1/16	1/16	1		-2	58	873
35	35	1/4	1/4	2/4	4	1	1/8	1/8	1		-2	58	889
35	35	1/4	1/4	2/4	1	1	1/16	1/16	1		-6	66	865
35	35	1/4	1/4	2/4	3	1	1/4	1/4	1		-2	70	887
35	35	5/16	5/16	2/4	2	1	1/16	1/16	1		-6	66	874
35	35	5/16	5/16	2/4	1	1	1/16	1/16	1		-3	75	866
35	35	3/8	3/8	2/4	2	1	1/16	1/16	1		-6	66	875
35	35	3/8	3/8	2/4	1	1	1/16	1/16	1		-3	75	867
35	35	7/16	7/16	2/4	2	1	1/64	1/64	1		-1	65	876
35	35	7/16	7/16	2/4	1	1	1/64	1/64	1		2	74	868
35	35	29/64	29/64	2/4	2	1	1/64	1/64	1		-6	66	877
35	35	29/64	29/64	2/4	1	1	1/64	1/64	1		-3	75	869
35	35	15/32	15/32	2/4	2	1	1/64	1/64	1		-4	68	878
35	35	15/32	15/32	2/4	1	1	1/64	1/64	1		-1	77	870
35	35	31/64	31/64	2/4	2	1	1/64	1/64	1		-6	66	879
35	35	31/64	31/64	2/4	1	1	1/64	1/64	1		-3	75	871
36	36	0	0	2/4	4	1	1/8	1/8	1		-2	46	914
36	36	0	0	2/4	3	1	1/16	1/16	1		-2	58	906
36	36	0	0	2/4	2	1	1/16	1/16	1		-1	65	898
36	36	0	0	2/4	1	1	1/16	1/16	1		2	74	890
36	36	1/16	1/16	2/4	3	1	1/16	1/16	1		-2	70	907
36	36	1/8	1/8	2/4	3	1	1/16	1/16	1		-2	70	908
36	36	3/16	3/16	2/4	3	1	1/64	1/64	1		3	69	909
36	36	13/64	13/64	2/4	3	1	1/64	1/64	1		-2	70	910
36	36	7/32	7/32	2/4	3	1	1/64	1/64	1		-7	71	911
36	36	15/64	15/64	2/4	3	1	1/64	1/64	1		-2	70	912
36	36	1/4	1/4	2/4	2	1	1/16	1/16	1		-2	58	899
36	36	1/4	1/4	2/4	4	1	1/8	1/8	1		-2	58	915
36	36	1/4	1/4	2/4	1	1	1/16	1/16	1		-2	70	891
36	36	1/4	1/4	2/4	3	1	1/4	1/4	1	1	-2	70	913
36	36	5/16	5/16	2/4	2	1	1/16	1/16	1		-3	63	900
36	36	5/16	5/16	2/4	1	1	1/16	1/16	1		-6	78	892
36	36	3/8	3/8	2/4	2	1	1/16	1/16	1		-3	63	901
36	36	3/8	3/8	2/4	1	1	1/16	1/16	1		-6	78	893
36	36	7/16	7/16	2/4	2	1	1/64	1/64	1		2	62	902
36	36	7/16	7/16	2/4	1	1	1/64	1/64	1		-1	77	894
36	36	29/64	29/64	2/4	2	1	1/64	1/64	1		-3	63	903
36	36	29/64	29/64	2/4	1	1	1/64	1/64	1		-6	78	895
36	36	15/32	15/32	2/4	2	1	1/64	1/64	1		-1	65	904
36	36	15/32	15/32	2/4	1	1	1/64	1/64	1		-4	80	896
36	36	31/64	31/64	2/4	2	1	1/64	1/64	1		-3	63	905
36	36	31/64	31/64	2/4	1	1	1/64	1/64	1		-6	78	897
37	37	0	0	2/4	4	1	1/16	1/16	1		-2	58	931
37	37	0	0	2/4	2	1	1/16	1/16	1		2	62	921
37	37	0	0	2/4	3	1	1/16	1/16	1	-1	-2	70	926
37	37	0	0	2/4	1	1	1/16	1/16	1		-1	77	916
37	37	1/16	1/16	2/4	3	1	1/16	1/16	1		2	74	927
37	37	1/16	1/16	2/4	2	1	1/16	1/16	1		-1	77	922
37	37	1/16	1/16	2/4	1	1	1/16	1/16	1		-2	82	917
37	37	1/8	1/8	2/4	4	1	1/16	1/16	1		-2	82	932
37	37	3/16	3/16	2/4	3	1	1/16	1/16	1		0	72	928
37	37	3/16	3/16	2/4	2	1	1/16	1/16	1		-3	75	923
37	37	3/16	3/16	2/4	1	1	1/16	1/16	1		-4	80	918
37	37	1/4	1/4	2/4	4	1	1/16	1/16	1		-2	82	933
37	37	5/16	5/16	2/4	3	1	1/16	1/16	1		-2	70	929
37	37	5/16	5/16	2/4	2	1	1/16	1/16	1		2	74	924
37	37	5/16	5/16	2/4	1	1	1/16	1/16	1		1	79	919
37	37	3/8	3/8	2/4	4	1	1/16	1/16	1		-2	82	934
37	37	7/16	7/16	2/4	3	1	1/16	1/16	1		-4	68	930
37	37	7/16	7/16	2/4	2	1	1/16	1/16	1		0	72	925
37	37	7/16	7/16	2/4	1	1	1/16	1/16	1		-1	77	920
38	38	0	0	2/4	3	1	1/32	1/32	1		1	67	951
38	38	0	0	2/4	2	1	1/32	1/32	1		-2	70	943
38	38	0	0	2/4	1	1	1/32	1/32	1		-3	75	935
38	38	1/32	1/32	2/4	4	1	1/32	1/32	1		-2	58	959
38	38	1/16	1/16	2/4	3	1	1/32	1/32	1		-1	65	952
38	38	1/16	1/16	2/4	2	1	1/32	1/32	1		-4	68	944
38	38	1/16	1/16	2/4	1	1	1/32	1/32	1		2	74	936
38	38	3/32	3/32	2/4	4	1	1/32	1/32	1		-2	58	960
38	38	1/8	1/8	2/4	3	1	1/32	1/32	1		-3	63	953
38	38	1/8	1/8	2/4	2	1	1/32	1/32	1		1	67	945
38	38	1/8	1/8	2/4	1	1	1/32	1/32	1		0	72	937
38	38	5/32	5/32	2/4	4	1	1/32	1/32	1		-2	58	961
38	38	3/16	3/16	2/4	3	1	1/32	1/32	1		2	62	954
38	38	3/16	3/16	2/4	2	1	1/32	1/32	1		-1	65	946
38	38	3/16	3/16	2/4	1	1	1/32	1/32	1		-2	70	938
38	38	7/32	7/32	2/4	4	1	1/32	1/32	1		-2	58	962
38	38	1/4	1/4	2/4	3	1	1/32	1/32	1		0	60	955
38	38	1/4	1/4	2/4	2	1	1/32	1/32	1		-3	63	947
38	38	1/4	1/4	2/4	1	1	1/32	1/32	1		-4	68	939
38	38	9/32	9/32	2/4	4	1	1/32	1/32	1		-2	46	963
38	38	5/16	5/16	2/4	3	1	1/32	1/32	1		-2	58	956
38	38	5/16	5/16	2/4	2	1	1/32	1/32	1		2	62	948
38	38	5/16	5/16	2/4	1	1	1/32	1/32	1		1	67	940
38	38	11/32	11/32	2/4	4	1	1/32	1/32	1		-2	46	964
38	38	3/8	3/8	2/4	3	1	1/32	1/32	1		-4	56	957
38	38	3/8	3/8	2/4	2	1	1/32	1/32	1		0	60	949
38	38	3/8	3/8	2/4	1	1	1/32	1/32	1		-1	65	941
38	38	13/32	13/32	2/4	4	1	1/32	1/32	1		-2	46	965
38	38	7/16	7/16	2/4	3	1	1/32	1/32	1		1	55	958
38	38	7/16	7/16	2/4	2	1	1/32	1/32	1		-2	58	950
38	38	7/16	7/16	2/4	1	1	1/32	1/32	1		-3	63	942
38	38	15/32	15/32	2/4	4	1	1/32	1/32	1		-2	46	966
39	39	0	0	2/4	3	1	1/8	1/8	1		-1	53	977
39	39	0	0	2/4	2	1	1/8	1/8	1		-4	56	972
39	39	0	0	2/4	1	1	1/8	1/8	1		2	62	967
39	39	1/16	1/16	2/4	4	1	1/16	1/16	1		-2	46	982
39	39	1/8	1/8	2/4	3	1	1/8	1/8	1		1	55	978
39	39	1/8	1/8	2/4	2	1	1/8	1/8	1		-2	58	973
39	39	1/8	1/8	2/4	1	1	1/8	1/8	1		4	64	968
39	39	3/16	3/16	2/4	4	1	1/16	1/16	1		-2	46	983
39	39	1/4	1/4	2/4	3	1	1/8	1/8	1		-4	56	979
39	39	1/4	1/4	2/4	2	1	1/8	1/8	1		0	60	974
39	39	1/4	1/4	2/4	1	1	1/8	1/8	1		-1	65	969
39	39	5/16	5/16	2/4	4	1	1/16	1/16	1		-2	46	984
39	39	3/8	3/8	2/4	4	1	1/16	1/16	1		-2	46	985
39	39	3/8	3/8	2/4	3	1	1/16	1/16	1		1	55	980
39	39	3/8	3/8	2/4	2	1	1/16	1/16	1		-2	58	975
39	39	3/8	3/8	2/4	1	1	1/16	1/16	1		-3	63	970
39	39	7/16	7/16	2/4	4	1	1/16	1/16	1		-2	46	986
39	39	7/16	7/16	2/4	3	1	1/16	1/16	1		-6	54	981
39	39	7/16	7/16	2/4	2	1	1/16	1/16	1		3	57	976
39	39	7/16	7/16	2/4	1	1	1/16	1/16	1		-3	63	971
40	40	0	0	2/4	3	1	1/8	1/8	1		-1	53	997
40	40	0	0	2/4	2	1	1/8	1/8	1		-4	56	992
40	40	0	0	2/4	1	1	1/8	1/8	1		2	62	987
40	40	1/16	1/16	2/4	4	1	1/16	1/16	1		-2	46	1002
40	40	1/8	1/8	2/4	3	1	1/8	1/8	1		1	55	998
40	40	1/8	1/8	2/4	2	1	1/8	1/8	1		-2	58	993
40	40	1/8	1/8	2/4	1	1	1/8	1/8	1		4	64	988
40	40	3/16	3/16	2/4	4	1	1/16	1/16	1		-2	46	1003
40	40	1/4	1/4	2/4	3	1	1/8	1/8	1		-4	56	999
40	40	1/4	1/4	2/4	2	1	1/8	1/8	1		0	60	994
40	40	1/4	1/4	2/4	1	1	1/8	1/8	1		-1	65	989
40	40	5/16	5/16	2/4	4	1	1/16	1/16	1		-2	46	1004
40	40	3/8	3/8	2/4	4	1	1/16	1/16	1		-2	46	1005
40	40	3/8	3/8	2/4	3	1	1/16	1/16	1		1	55	1000
40	40	3/8	3/8	2/4	2	1	1/16	1/16	1		-2	58	995
40	40	3/8	3/8	2/4	1	1	1/16	1/16	1		-3	63	990
40	40	7/16	7/16	2/4	4	1	1/16	1/16	1		-2	46	1006
40	40	7/16	7/16	2/4	3	1	1/16	1/16	1		-6	54	1001
40	40	7/16	7/16	2/4	2	1	1/16	1/16	1		3	57	996
40	40	7/16	7/16	2/4	1	1	1/16	1/16	1		-3	63	991
41	41	0	0	2/4	3	1	1/16	1/16	1		-1	53	1020
41	41	0	0	2/4	2	1	1/16	1/16	1		-4	56	1017
41	41	0	0	2/4	1	1	3/16	1/8	3/2		2	62	1007
41	41	1/16	1/16	2/4	4	1	1/16	1/16	1		-2	46	1023
41	41	1/16	1/16	2/4	3	1	1/16	1/16	1		-1	53	1021
41	41	1/16	1/16	2/4	2	1	1/16	1/16	1		-4	56	1018
41	41	3/16	3/16	2/4	1	1	1/64	1/64	1		4	64	1008
41	41	13/64	13/64	2/4	1	1	1/64	1/64	1		-1	65	1009
41	41	7/32	7/32	2/4	1	1	1/64	1/64	1		1	67	1010
41	41	15/64	15/64	2/4	1	1	1/64	1/64	1		-1	65	1011
41	41	1/4	1/4	2/4	1	1	3/16	1/8	3/2		2	62	1012
41	41	5/16	5/16	2/4	4	1	1/16	1/16	1		-2	58	1024
41	41	5/16	5/16	2/4	3	1	1/16	1/16	1		-1	65	1022
41	41	5/16	5/16	2/4	2	1	1/16	1/16	1		-4	68	1019
41	41	7/16	7/16	2/4	1	1	1/64	1/64	1		1	67	1013
41	41	29/64	29/64	2/4	1	1	1/64	1/64	1		-4	68	1014
41	41	15/32	15/32	2/4	1	1	1/64	1/64	1		-2	70	1015
41	41	31/64	31/64	2/4	1	1	1/64	1/64	1		-4	68	1016
42	42	0	0	2/4	1	1	3/16	1/8	3/2		2	62	1025
42	42	1/16	1/16	2/4	4	1	1/16	1/16	1		-2	58	1046
42	42	1/16	1/16	2/4	3	1	1/16	1/16	1		-1	65	1043
42	42	1/16	1/16	2/4	2	1	1/16	1/16	1		-4	68	1040
42	42	3/16	3/16	2/4	1	1	1/64	1/64	1		5	71	1026
42	42	13/64	13/64	2/4	1	1	1/64	1/64	1		0	72	1027
42	42	7/32	7/32	2/4	1	1	1/64	1/64	1		2	74	1028
42	42	15/64	15/64	2/4	1	1	1/64	1/64	1		0	72	1029
42	42	1/4	1/4	2/4	4	1	1/16	1/16	1		-2	58	1047
42	42	1/4	1/4	2/4	1	1	1/16	1/16	1		2	62	1030
42	42	1/4	1/4	2/4	3	1	1/16	1/16	1		-1	65	1044
42	42	1/4	1/4	2/4	2	1	1/16	1/16	1		-4	68	1041
42	42	5/16	5/16	2/4	1	1	1/64	1/64	1		5	71	1031
42	42	21/64	21/64	2/4	1	1	1/64	1/64	1		0	72	1032
42	42	11/32	11/32	2/4	1	1	1/64	1/64	1		2	74	1033
42	42	23/64	23/64	2/4	1	1	1/64	1/64	1		0	72	1034
42	42	3/8	3/8	2/4	4	1	1/16	1/16	1		-2	58	1048
42	42	3/8	3/8	2/4	1	1	1/16	1/16	1		2	62	1035
42	42	3/8	3/8	2/4	3	1	1/16	1/16	1		-1	65	1045
42	42	3/8	3/8	2/4	2	1	1/16	1/16	1		-4	68	1042
42	42	7/16	7/16	2/4	1	1	1/64	1/64	1		5	71	1036
42	42	29/64	29/64	2/4	1	1	1/64	1/64	1		0	72	1037
42	42	15/32	15/32	2/4	1	1	1/64	1/64	1		2	74	1038
42	42	31/64	31/64	2/4	1	1	1/64	1/64	1		0	72	1039
43	43	0	0	2/4	4	1	1/16	1/16	1		-2	46	1075
43	43	0	0	2/4	3	1	1/8	1/8	1		-1	53	1074
43	43	0	0	2/4	2	1	1/16	1/16	1		-4	56	1073
43	43	0	0	2/4	1	1	1/48	1/32	2/3		2	62	1049
43	43	1/48	1/48	2/4	1	1	1/48	1/32	2/3		-3	63	1050
43	43	1/24	1/24	2/4	1	1	1/48	1/32	2/3		4	64	1051
43	43	1/16	1/16	2/4	1	1	1/48	1/32	2/3		-1	65	1052
43	43	1/12	1/12	2/4	1	1	1/48	1/32	2/3		6	66	1053
43	43	5/48	5/48	2/4	1	1	1/48	1/32	2/3		1	67	1054
43	43	1/8	1/8	2/4	1	1	1/48	1/32	2/3		-4	68	1055
43	43	7/48	7/48	2/4	1	1	1/48	1/32	2/3		3	69	1056
43	43	1/6	1/6	2/4	1	1	1/48	1/32	2/3		-2	70	1057
43	43	3/16	3/16	2/4	1	1	1/48	1/32	2/3		5	71	1058
43	43	5/24	5/24	2/4	1	1	1/48	1/32	2/3		0	72	1059
43	43	11/48	11/48	2/4	1	1	1/48	1/32	2/3		7	73	1060
43	43	1/4	1/4	2/4	1	1	1/48	1/32	2/3		2	74	1061
43	43	13/48	13/48	2/4	1	1	1/48	1/32	2/3		-3	75	1062
43	43	7/24	7/24	2/4	1	1	1/48	1/32	2/3		4	76	1063
43	43	5/16	5/16	2/4	1	1	1/48	1/32	2/3		-1	77	1064
43	43	1/3	1/3	2/4	1	1	1/48	1/32	2/3		6	78	1065
43	43	17/48	17/48	2/4	1	1	1/48	1/32	2/3		1	79	1066
43	43	3/8	3/8	2/4	1	1	1/48	1/32	2/3		-4	80	1067
43	43	19/48	19/48	2/4	1	1	1/48	1/32	2/3		3	81	1068
43	43	5/12	5/12	2/4	1	1	1/48	1/32	2/3		-2	82	1069
43	43	7/16	7/16	2/4	1	1	1/48	1/32	2/3		5	83	1070
43	43	11/24	11/24	2/4	1	1	1/48	1/32	2/3		2	86	1071
43	43	23/48	23/48	2/4	1	1	1/48	1/32	2/3		0	84	1072
44	44	0	0	2/4	1	1	1/32	1/32	1		-2	82	1076
44	44	1/32	1/32	2/4	1	1	1/32	1/32	1		-4	80	1077
44	44	1/16	1/16	2/4	1	1	1/32	1/32	1		1	79	1078
44	44	3/32	3/32	2/4	1	1	1/32	1/32	1		-1	77	1079
44	44	1/8	1/8	2/4	1	1	1/32	1/32	1		4	76	1080
44	44	5/32	5/32	2/4	1	1	1/32	1/32	1		-1	77	1081
44	44	3/16	3/16	2/4	1	1	1/32	1/32	1		-4	80	1082
44	44	7/32	7/32	2/4	1	1	1/32	1/32	1		-1	77	1083
44	44	1/4	1/4	2/4	1	1	1/32	1/32	1		-3	75	1084
44	44	9/32	9/32	2/4	1	1	1/32	1/32	1		2	74	1085
44	44	5/16	5/16	2/4	4	1	1/16	1/16	1		-2	58	1098
44	44	5/16	5/16	2/4	3	1	1/16	1/16	1		-1	65	1095
44	44	5/16	5/16	2/4	2	1	1/16	1/16	1		-4	68	1092
44	44	5/16	5/16	2/4	1	1	1/32	1/32	1		0	72	1086
44	44	11/32	11/32	2/4	1	1	1/32	1/32	1		-2	70	1087
44	44	3/8	3/8	2/4	4	1	1/16	1/16	1		-2	58	1099
44	44	3/8	3/8	2/4	3	1	1/16	1/16	1		-1	65	1096
44	44	3/8	3/8	2/4	2	1	1/16	1/16	1		-4	68	1093
44	44	3/8	3/8	2/4	1	1	1/32	1/32	1		3	69	1088
44	44	13/32	13/32	2/4	1	1	1/32	1/32	1		-2	70	1089
44	44	7/16	7/16	2/4	4	1	1/16	1/16	1		-2	58	1100
44	44	7/16	7/16	2/4	3	1	1/16	1/16	1		-1	65	1097
44	44	7/16	7/16	2/4	2	1	1/16	1/16	1		-4	68	1094
44	44	7/16	7/16	2/4	1	1	1/32	1/32	1		0	72	1090
44	44	15/32	15/32	2/4	1	1	1/32	1/32	1		2	74	1091
45	45	0	0	2/4	4	1	1/8	1/8	1		-3	51	1120
45	45	0	0	2/4	2	1	1/8	1/8	1		-2	58	1109
45	45	0	0	2/4	3	1	1/8	1/8	1		-3	63	1115
45	45	0	0	2/4	2	1	1/8	1/8	1		1	67	1109
45	45	0	0	2/4	1	1	1/16	1/16	1		-3	75	1101
45	45	1/16	1/16	2/4	1	1	1/16	1/16	1		1	79	1102
45	45	1/8	1/8	2/4	1	1	1/16	1/16	1		1	79	1103
45	45	3/16	3/16	2/4	2	1	1/64	1/64	1		3	69	1110
45	45	3/16	3/16	2/4	1	1	1/16	1/16	1		1	79	1104
45	45	13/64	13/64	2/4	2	1	1/64	1/64	1		-2	70	1111
45	45	7/32	7/32	2/4	2	1	1/64	1/64	1		0	72	1112
45	45	15/64	15/64	2/4	2	1	1/64	1/64	1		-2	70	1113
45	45	1/4	1/4	2/4	2	1	1/8	1/8	1		-3	63	1114
45	45	1/4	1/4	2/4	1	1	1/16	1/16	1		1	79	1105
45	45	5/16	5/16	2/4	1	1	1/16	1/16	1		-2	82	1106
45	45	3/8	3/8	2/4	1	1	1/16	1/16	1		-2	82	1107
45	45	7/16	7/16	2/4	3	1	1/64	1/64	1		2	50	1116
45	45	7/16	7/16	2/4	1	1	1/16	1/16	1		-2	82	1108
45	45	29/64	29/64	2/4	3	1	1/64	1/64	1		-3	51	1117
45	45	15/32	15/32	2/4	3	1	1/64	1/64	1		-1	53	1118
45	45	31/64	31/64	2/4	3	1	1/64	1/64	1		-3	51	1119
46	46	0	0	2/4	3	1	1/8	1/8	1		2	50	1134
46	46	0	0	2/4	1	1	1/16	1/16	1		-2	82	1121
46	46	1/16	1/16	2/4	1	1	1/16	1/16	1		-4	80	1122
46	46	1/8	1/8	2/4	1	1	1/16	1/16	1		-4	80	1123
46	46	3/16	3/16	2/4	2	1	1/64	1/64	1		3	57	1129
46	46	3/16	3/16	2/4	1	1	1/16	1/16	1		-1	77	1124
46	46	13/64	13/64	2/4	2	1	1/64	1/64	1		-2	58	1130
46	46	7/32	7/32	2/4	2	1	1/64	1/64	1		0	60	1131
46	46	15/64	15/64	2/4	2	1	1/64	1/64	1		-2	58	1132
46	46	1/4	1/4	2/4	2	1	1/8	1/8	1		3	69	1133
46	46	1/4	1/4	2/4	1	1	1/16	1/16	1		-1	77	1125
46	46	5/16	5/16	2/4	1	1	1/16	1/16	1		2	74	1126
46	46	3/8	3/8	2/4	1	1	1/16	1/16	1		2	74	1127
46	46	7/16	7/16	2/4	4	1	1/64	1/64	1		1	55	1135
46	46	7/16	7/16	2/4	1	1	1/16	1/16	1		-2	70	1128
46	46	29/64	29/64	2/4	4	1	1/64	1/64	1		-4	56	1136
46	46	15/32	15/32	2/4	4	1	1/64	1/64	1		-2	58	1137
46	46	31/64	31/64	2/4	4	1	1/64	1/64	1		-4	56	1138
47	47	0	0	2/4	4	1	1/8	1/8	1		1	55	1157
47	47	0	0	2/4	1	1	1/16	1/16	1		-2	70	1139
47	47	1/16	1/16	2/4	1	1	1/16	1/16	1		-3	75	1140
47	47	1/8	1/8	2/4	2	1	1/8	1/8	1		1	55	1153
47	47	1/8	1/8	2/4	3	1	1/8	1/8	1		-2	58	1155
47	47	1/8	1/8	2/4	2	1	1/8	1/8	1		-3	63	1153
47	47	1/8	1/8	2/4	1	1	1/16	1/16	1		-3	75	1141
47	47	3/16	3/16	2/4	1	1	1/64	1/64	1		2	74	1142
47	47	13/64	13/64	2/4	1	1	1/64	1/64	1		-3	75	1143
47	47	7/32	7/32	2/4	1	1	1/64	1/64	1		-1	77	1144
47	47	15/64	15/64	2/4	1	1	1/64	1/64	1		-3	75	1145
47	47	1/4	1/4	2/4	4	1	1/8	1/8	1		2	50	1158
47	47	1/4	1/4	2/4	1	1	1/16	1/16	1		-2	70	1146
47	47	5/16	5/16	2/4	1	1	1/16	1/16	1		-1	77	1147
47	47	3/8	3/8	2/4	3	1	1/8	1/8	1		-2	58	1156
47	47	3/8	3/8	2/4	2	1	1/8	1/8	1		-1	65	1154
47	47	3/8	3/8	2/4	1	1	1/16	1/16	1		-1	77	1148
47	47	7/16	7/16	2/4	1	1	1/64	1/64	1		4	76	1149
47	47	29/64	29/64	2/4	1	1	1/64	1/64	1		-1	77	1150
47	47	15/32	15/32	2/4	1	1	1/64	1/64	1		1	79	1151
47	47	31/64	31/64	2/4	1	1	1/64	1/64	1		-1	77	1152
48	48	0	0	2/4	4	1	1/16	1/16	1		-3	51	1181
48	48	0	0	2/4	2	1	1/16	1/16	1		-2	58	1169
48	48	0	0	2/4	3	1	1/16	1/16	1		-3	63	1178
48	48	0	0	2/4	2	1	1/16	1/16	1		1	67	1169
48	48	0	0	2/4	1	1	1/16	1/16	1		-2	70	1159
48	48	1/16	1/16	2/4	1	1	1/64	1/64	1		6	78	1160
48	48	5/64	5/64	2/4	1	1	1/64	1/64	1		1	79	1161
48	48	3/32	3/32	2/4	1	1	1/64	1/64	1		-4	80	1162
48	48	7/64	7/64	2/4	1	1	1/64	1/64	1		1	79	1163
48	48	1/8	1/8	2/4	4	1	1/16	1/16	1		-4	44	1182
48	48	1/8	1/8	2/4	2	1	1/16	1/16	1		0	60	1170
48	48	1/8	1/8	2/4	3	1	1/16	1/16	1		-1	65	1179
48	48	1/8	1/8	2/4	2	1	1/16	1/16	1		-4	68	1170
48	48	1/8	1/8	2/4	1	1	1/16	1/16	1		0	72	1164
48	48	3/16	3/16	2/4	1	1	1/32	1/32	1		-4	80	1165
48	48	7/32	7/32	2/4	1	1	1/64	1/64	1		-2	82	1166
48	48	15/64	15/64	2/4	1	1	1/64	1/64	1		0	84	1167
48	48	1/4	1/4	2/4	4	1	1/16	1/16	1		-2	46	1183
48	48	1/4	1/4	2/4	2	1	1/16	1/16	1		-2	58	1171
48	48	1/4	1/4	2/4	3	1	1/16	1/16	1		2	62	1180
48	48	1/4	1/4	2/4	2	1	1/16	1/16	1		-1	65	1171
48	48	1/4	1/4	2/4	1	1	1/16	1/16	1		-1	77	1168
48	48	5/16	5/16	2/4	2	1	1/32	1/32	1		-2	70	1172
48	48	11/32	11/32	2/4	2	1	1/32	1/32	1		-2	70	1173
48	48	3/8	3/8	2/4	2	1	1/32	1/32	1		3	69	1174
48	48	13/32	13/32	2/4	2	1	1/32	1/32	1		-4	68	1175
48	48	7/16	7/16	2/4	2	1	1/32	1/32	1		1	67	1176
48	48	15/32	15/32	2/4	2	1	1/32	1/32	1		-1	65	1177
49	49	0	0	2/4	4	1	1/8	1/8	1		-3	39	1212
49	49	0	0	2/4	3	1	1/16	1/16	1		1	55	1204
49	49	0	0	2/4	2	1	1/16	1/16	1		-3	63	1196
49	49	1/32	1/32	2/4	1	1	1/32	1/32	1		-2	82	1184
49	49	1/16	1/16	2/4	3	1	1/16	1/16	1		-2	58	1205
49	49	1/16	1/16	2/4	2	1	1/16	1/16	1		1	67	1197
49	49	3/32	3/32	2/4	1	1	1/32	1/32	1		1	79	1185
49	49	1/8	1/8	2/4	3	1	1/16	1/16	1		-2	58	1206
49	49	1/8	1/8	2/4	2	1	1/16	1/16	1		1	67	1198
49	49	5/32	5/32	2/4	1	1	1/32	1/32	1		-3	75	1186
49	49	3/16	3/16	2/4	3	1	1/16	1/16	1		-2	58	1207
49	49	3/16	3/16	2/4	2	1	1/16	1/16	1		1	67	1199
49	49	3/16	3/16	2/4	1	1	1/32	1/32	1		-2	70	1187
49	49	7/32	7/32	2/4	1	1	1/32	1/32	1		1	67	1188
49	49	1/4	1/4	2/4	4	1	1/16	1/16	1		-3	51	1213
49	49	1/4	1/4	2/4	3	1	1/16	1/16	1		-2	58	1208
49	49	1/4	1/4	2/4	1	1	1/32	1/32	1		-3	63	1189
49	49	1/4	1/4	2/4	2	1	1/16	1/16	1		1	67	1200
49	49	9/32	9/32	2/4	1	1	1/32	1/32	1		-2	82	1190
49	49	5/16	5/16	2/4	4	1	1/16	1/16	1		1	55	1214
49	49	5/16	5/16	2/4	3	1	1/16	1/16	1		-2	58	1209
49	49	5/16	5/16	2/4	2	1	1/16	1/16	1		-2	70	1201
49	49	11/32	11/32	2/4	1	1	1/32	1/32	1		1	79	1191
49	49	3/8	3/8	2/4	4	1	1/16	1/16	1		1	55	1215
49	49	3/8	3/8	2/4	3	1	1/16	1/16	1		-2	58	1210
49	49	3/8	3/8	2/4	2	1	1/16	1/16	1		-2	70	1202
49	49	13/32	13/32	2/4	1	1	1/32	1/32	1		-3	75	1192
49	49	7/16	7/16	2/4	4	1	1/16	1/16	1		1	55	1216
49	49	7/16	7/16	2/4	3	1	1/16	1/16	1		-2	58	1211
49	49	7/16	7/16	2/4	1	1	1/48	1/32	2/3		-2	70	1193
49	49	7/16	7/16	2/4	2	1	1/16	1/16	1		-2	70	1203
49	49	11/24	11/24	2/4	1	1	1/48	1/32	2/3		1	67	1194
49	49	23/48	23/48	2/4	1	1	1/48	1/32	2/3		-3	63	1195
50	50	0	0	2/4	4	1	1/16	1/16	1		-4	56	1245
50	50	0	0	2/4	3	1	1/16	1/16	1		-2	58	1237
50	50	0	0	2/4	1	1	1/32	1/32	1		2	62	1217
50	50	0	0	2/4	2	1	1/16	1/16	1		-2	70	1229
50	50	1/32	1/32	2/4	1	1	1/32	1/32	1		-2	70	1218
50	50	1/16	1/16	2/4	4	1	1/16	1/16	1		-1	53	1246
50	50	1/16	1/16	2/4	3	1	1/16	1/16	1		-2	58	1238
50	50	1/16	1/16	2/4	2	1	1/16	1/16	1		-4	68	1230
50	50	3/32	3/32	2/4	1	1	1/32	1/32	1		2	74	1219
50	50	1/8	1/8	2/4	4	1	1/16	1/16	1		-1	53	1247
50	50	1/8	1/8	2/4	3	1	1/16	1/16	1		-2	58	1239
50	50	1/8	1/8	2/4	2	1	1/16	1/16	1		-4	68	1231
50	50	5/32	5/32	2/4	1	1	1/32	1/32	1		-1	77	1220
50	50	3/16	3/16	2/4	4	1	1/16	1/16	1		2	50	1248
50	50	3/16	3/16	2/4	3	1	1/16	1/16	1		-2	58	1240
50	50	3/16	3/16	2/4	2	1	1/16	1/16	1		-1	65	1232
50	50	3/16	3/16	2/4	1	1	1/32	1/32	1		-2	82	1221
50	50	7/32	7/32	2/4	1	1	1/32	1/32	1		2	86	1222
50	50	1/4	1/4	2/4	4	1	1/16	1/16	1		2	50	1249
50	50	1/4	1/4	2/4	3	1	1/16	1/16	1		-2	58	1241
50	50	1/4	1/4	2/4	1	1	1/32	1/32	1		2	62	1223
50	50	1/4	1/4	2/4	2	1	1/16	1/16	1		-1	65	1233
50	50	9/32	9/32	2/4	1	1	1/32	1/32	1		-1	77	1224
50	50	5/16	5/16	2/4	4	1	1/16	1/16	1		-2	46	1250
50	50	5/16	5/16	2/4	3	1	1/16	1/16	1		-1	53	1242
50	50	5/16	5/16	2/4	2	1	1/16	1/16	1		2	62	1234
50	50	11/32	11/32	2/4	1	1	1/32	1/32	1		-2	82	1225
50	50	3/8	3/8	2/4	4	1	1/16	1/16	1		-2	46	1251
50	50	3/8	3/8	2/4	3	1	1/16	1/16	1		-1	53	1243
50	50	3/8	3/8	2/4	2	1	1/16	1/16	1		2	62	1235
50	50	13/32	13/32	2/4	1	1	1/32	1/32	1		2	86	1226
50	50	7/16	7/16	2/4	4	1	1/16	1/16	1		-4	44	1252
50	50	7/16	7/16	2/4	3	1	1/16	1/16	1		2	50	1244
50	50	7/16	7/16	2/4	2	1	1/16	1/16	1		-2	58	1236
50	50	7/16	7/16	2/4	1	1	1/32	1/32	1		-1	89	1227
50	50	15/32	15/32	2/4	1	1	1/32	1/32	1		-2	94	1228
51	51	0	0	2/4	4	1	1/4	1/4	1		1	43	1279
51	51	0	0	2/4	3	1	1/4	1/4	1	1	-3	51	1277
51	51	0	0	2/4	2	1	1/16	1/16	1		-2	58	1263
51	51	0	0	2/4	3	1	1/4	1/4	1		-2	58	1277
51	51	1/32	1/32	2/4	1	1	1/32	1/32	1		-2	94	1253
51	51	1/16	1/16	2/4	2	1	1/16	1/16	1		-3	63	1264
51	51	3/32	3/32	2/4	1	1	1/32	1/32	1		1	91	1254
51	51	1/8	1/8	2/4	2	1	1/16	1/16	1		-3	63	1265
51	51	5/32	5/32	2/4	1	1	1/32	1/32	1		-3	87	1255
51	51	3/16	3/16	2/4	2	1	1/64	1/64	1		2	62	1266
51	51	3/16	3/16	2/4	1	1	1/32	1/32	1		-2	82	1256
51	51	13/64	13/64	2/4	2	1	1/64	1/64	1		-3	63	1267
51	51	7/32	7/32	2/4	2	1	1/64	1/64	1		-1	65	1268
51	51	7/32	7/32	2/4	1	1	1/32	1/32	1		1	79	1257
51	51	15/64	15/64	2/4	2	1	1/64	1/64	1		-3	63	1269
51	51	1/4	1/4	2/4	4	1	1/4	1/4	1		-4	44	1280
51	51	1/4	1/4	2/4	3	1	1/4	1/4	1	-1	-3	51	1278
51	51	1/4	1/4	2/4	2	1	1/16	1/16	1		0	60	1270
51	51	1/4	1/4	2/4	3	1	1/4	1/4	1		0	60	1278
51	51	9/32	9/32	2/4	1	1	1/32	1/32	1		0	96	1258
51	51	5/16	5/16	2/4	2	1	1/16	1/16	1		-4	68	1271
51	51	11/32	11/32	2/4	1	1	1/32	1/32	1		-4	92	1259
51	51	3/8	3/8	2/4	2	1	1/16	1/16	1		-4	68	1272
51	51	13/32	13/32	2/4	1	1	1/32	1/32	1		-1	89	1260
51	51	7/16	7/16	2/4	2	1	1/64	1/64	1		1	67	1273
51	51	7/16	7/16	2/4	1	1	1/32	1/32	1		0	84	1261
51	51	29/64	29/64	2/4	2	1	1/64	1/64	1		-4	68	1274
51	51	15/32	15/32	2/4	2	1	1/64	1/64	1		-2	70	1275
51	51	15/32	15/32	2/4	1	1	1/32	1/32	1		-4	80	1262
51	51	31/64	31/64	2/4	2	1	1/64	1/64	1		-4	68	1276
52	52	0	0	2/4	4	1	1/16	1/16	1		-2	46	1301
52	52	0	0	2/4	3	1	1/16	1/16	1		-3	51	1298
52	52	0	0	2/4	3	1	1/16	1/16	1		-2	58	1298
52	52	0	0	2/4	2	1	1/16	1/16	1		1	67	1287
52	52	1/32	1/32	2/4	1	1	1/32	1/32	1		1	79	1281
52	52	1/16	1/16	2/4	2	1	1/64	1/64	1		3	69	1288
52	52	5/64	5/64	2/4	2	1	1/64	1/64	1		-2	70	1289
52	52	3/32	3/32	2/4	2	1	1/64	1/64	1		0	72	1290
52	52	3/32	3/32	2/4	1	1	1/32	1/32	1		-2	82	1282
52	52	7/64	7/64	2/4	2	1	1/64	1/64	1		-2	70	1291
52	52	1/8	1/8	2/4	4	1	1/16	1/16	1		-2	46	1302
52	52	1/8	1/8	2/4	3	1	1/16	1/16	1		-4	56	1299
52	52	1/8	1/8	2/4	3	1	1/16	1/16	1		2	62	1299
52	52	1/8	1/8	2/4	2	1	1/16	1/16	1		-1	65	1292
52	52	5/32	5/32	2/4	1	1	1/32	1/32	1		-1	77	1283
52	52	3/16	3/16	2/4	2	1	1/64	1/64	1		3	69	1293
52	52	13/64	13/64	2/4	2	1	1/64	1/64	1		-2	70	1294
52	52	7/32	7/32	2/4	2	1	1/64	1/64	1		0	72	1295
52	52	7/32	7/32	2/4	1	1	1/32	1/32	1		-2	82	1284
52	52	15/64	15/64	2/4	2	1	1/64	1/64	1		-2	70	1296
52	52	1/4	1/4	2/4	4	1	1/8	1/8	1		-3	51	1303
52	52	1/4	1/4	2/4	3	1	1/8	1/8	1		1	55	1300
52	52	1/4	1/4	2/4	2	1	1/8	1/8	1		-3	63	1297
52	52	1/4	1/4	2/4	1	1	1/8	1/8	1		-3	75	1285
52	52	7/16	7/16	2/4	1	1	1/16	1/16	1		-2	70	1286
53	53	0	0	2/4	4	1	3/32	1/16	3/2		-2	46	1322
53	53	0	0	2/4	3	1	3/32	1/16	3/2		2	50	1316
53	53	0	0	2/4	2	1	3/32	1/16	3/2		-4	68	1310
53	53	0	0	2/4	1	1	3/32	1/16	3/2		-1	77	1304
53	53	3/32	3/32	2/4	4	1	1/32	1/32	1		-2	46	1323
53	53	3/32	3/32	2/4	3	1	1/32	1/32	1		-3	51	1317
53	53	3/32	3/32	2/4	2	1	1/32	1/32	1		1	67	1311
53	53	3/32	3/32	2/4	1	1	1/32	1/32	1		-3	75	1305
53	53	1/8	1/8	2/4	4	1	1/16	1/16	1		-2	46	1324
53	53	1/8	1/8	2/4	3	1	1/16	1/16	1		-1	53	1318
53	53	1/8	1/8	2/4	2	1	1/16	1/16	1		-1	65	1312
53	53	1/8	1/8	2/4	1	1	1/16	1/16	1		2	74	1306
53	53	3/16	3/16	2/4	4	1	1/16	1/16	1		-2	46	1325
53	53	3/16	3/16	2/4	3	1	1/16	1/16	1		1	55	1319
53	53	3/16	3/16	2/4	2	1	1/16	1/16	1		-3	63	1313
53	53	3/16	3/16	2/4	1	1	1/16	1/16	1		0	72	1307
53	53	1/4	1/4	2/4	4	1	3/16	1/8	3/2		-2	46	1326
53	53	1/4	1/4	2/4	3	1	3/16	1/8	3/2		-4	56	1320
53	53	1/4	1/4	2/4	2	1	3/16	1/8	3/2		2	62	1314
53	53	1/4	1/4	2/4	1	1	3/16	1/8	3/2		-2	70	1308
53	53	7/16	7/16	2/4	4	1	1/16	1/16	1		-2	46	1327
53	53	7/16	7/16	2/4	3	1	1/16	1/16	1		1	55	1321
53	53	7/16	7/16	2/4	2	1	1/16	1/16	1		4	64	1315
53	53	7/16	7/16	2/4	1	1	1/16	1/16	1		-2	70	1309
54	54	0	0	2/4	4	1	1/16	1/16	1		-2	46	1359
54	54	0	0	2/4	3	1	1/16	1/16	1		-4	56	1354
54	54	0	0	2/4	2	1	1/16	1/16	1		-1	65	1341
54	54	0	0	2/4	1	1	1/16	1/16	1		-2	70	1328
54	54	1/16	1/16	2/4	4	1	1/16	1/16	1		-2	46	1360
54	54	1/16	1/16	2/4	3	1	1/16	1/16	1		-1	53	1355
54	54	1/16	1/16	2/4	2	1	1/16	1/16	1		2	62	1342
54	54	1/16	1/16	2/4	1	1	1/16	1/16	1		-2	70	1329
54	54	1/8	1/8	2/4	4	1	1/16	1/16	1		-2	46	1361
54	54	1/8	1/8	2/4	3	1	1/16	1/16	1		1	55	1356
54	54	1/8	1/8	2/4	2	1	1/16	1/16	1		-3	63	1343
54	54	1/8	1/8	2/4	1	1	1/16	1/16	1		-2	70	1330
54	54	3/16	3/16	2/4	4	1	1/16	1/16	1		-2	46	1362
54	54	3/16	3/16	2/4	3	1	1/16	1/16	1		3	57	1357
54	54	3/16	3/16	2/4	2	1	1/16	1/16	1		-3	63	1344
54	54	3/16	3/16	2/4	1	1	1/16	1/16	1		0	72	1331
54	54	1/4	1/4	2/4	4	1	1/8	1/8	1		-2	46	1363
54	54	1/4	1/4	2/4	3	1	1/8	1/8	1		-2	58	1358
54	54	1/4	1/4	2/4	2	1	3/32	1/16	3/2		2	62	1345
54	54	1/4	1/4	2/4	1	1	3/32	1/16	3/2		-1	65	1332
54	54	11/32	11/32	2/4	2	1	1/64	1/64	1		-3	63	1346
54	54	11/32	11/32	2/4	1	1	1/64	1/64	1		1	67	1333
54	54	23/64	23/64	2/4	2	1	1/64	1/64	1		-1	65	1347
54	54	23/64	23/64	2/4	1	1	1/64	1/64	1		3	69	1334
54	54	3/8	3/8	2/4	2	1	1/48	1/32	2/3		1	67	1348
54	54	3/8	3/8	2/4	1	1	1/48	1/32	2/3		-2	70	1335
54	54	19/48	19/48	2/4	2	1	1/48	1/32	2/3		3	69	1349
54	54	19/48	19/48	2/4	1	1	1/48	1/32	2/3		0	72	1336
54	54	5/12	5/12	2/4	2	1	1/48	1/32	2/3		-2	70	1350
54	54	5/12	5/12	2/4	1	1	1/48	1/32	2/3		2	74	1337
54	54	7/16	7/16	2/4	2	1	1/48	1/32	2/3		0	72	1351
54	54	7/16	7/16	2/4	1	1	1/48	1/32	2/3		-3	75	1338
54	54	11/24	11/24	2/4	2	1	1/48	1/32	2/3		2	74	1352
54	54	11/24	11/24	2/4	1	1	1/48	1/32	2/3		-1	77	1339
54	54	23/48	23/48	2/4	2	1	1/48	1/32	2/3		-3	75	1353
54	54	23/48	23/48	2/4	1	1	1/48	1/32	2/3		1	79	1340
55	55	0	0	2/4	4	1	3/32	1/16	3/2		-2	58	1384
55	55	0	0	2/4	3	1	3/32	1/16	3/2		2	62	1378
55	55	0	0	2/4	2	1	3/32	1/16	3/2		-1	77	1370
55	55	0	0	2/4	1	1	3/32	1/16	3/2		-4	80	1364
55	55	3/32	3/32	2/4	4	1	1/32	1/32	1		0	60	1385
55	55	3/32	3/32	2/4	3	1	1/32	1/32	1		-3	63	1379
55	55	3/32	3/32	2/4	2	1	1/32	1/32	1		-3	75	1371
55	55	3/32	3/32	2/4	1	1	1/32	1/32	1		1	79	1365
55	55	1/8	1/8	2/4	4	1	1/16	1/16	1		2	62	1386
55	55	1/8	1/8	2/4	3	1	1/16	1/16	1		-1	65	1380
55	55	1/8	1/8	2/4	2	1	1/16	1/16	1		2	74	1372
55	55	1/8	1/8	2/4	1	1	1/16	1/16	1		-1	77	1366
55	55	3/16	3/16	2/4	4	1	1/16	1/16	1		-3	63	1387
55	55	3/16	3/16	2/4	3	1	1/16	1/16	1		1	67	1381
55	55	3/16	3/16	2/4	2	1	1/16	1/16	1		0	72	1373
55	55	3/16	3/16	2/4	1	1	1/16	1/16	1		-3	75	1367
55	55	1/4	1/4	2/4	4	1	3/16	1/8	3/2		-1	65	1388
55	55	1/4	1/4	2/4	3	1	3/16	1/8	3/2		-4	68	1382
55	55	1/4	1/4	2/4	2	1	1/16	1/16	1		-2	70	1374
55	55	1/4	1/4	2/4	1	1	3/16	1/8	3/2		2	74	1368
55	55	5/16	5/16	2/4	2	1	1/16	1/16	1		-7	71	1375
55	55	3/8	3/8	2/4	2	1	1/16	1/16	1		-2	70	1376
55	55	7/16	7/16	2/4	4	1	1/16	1/16	1		-1	65	1389
55	55	7/16	7/16	2/4	3	1	1/16	1/16	1		-4	68	1383
55	55	7/16	7/16	2/4	2	1	1/16	1/16	1		-2	70	1377
55	55	7/16	7/16	2/4	1	1	1/16	1/16	1		2	74	1369
56	56	0	0	2/4	4	1	1/8	1/8	1		-3	63	1406
56	56	0	0	2/4	3	1	1/8	1/8	1		1	67	1403
56	56	0	0	2/4	2	1	1/8	1/8	1		-2	70	1400
56	56	0	0	2/4	1	1	3/32	1/16	3/2		-3	75	1390
56	56	3/32	3/32	2/4	1	1	1/32	1/32	1		-1	77	1391
56	56	1/8	1/8	2/4	4	1	1/8	1/8	1		0	60	1407
56	56	1/8	1/8	2/4	3	1	1/8	1/8	1		-3	63	1404
56	56	1/8	1/8	2/4	2	1	1/8	1/8	1		-3	75	1401
56	56	1/8	1/8	2/4	1	1	3/32	1/16	3/2		1	79	1392
56	56	7/32	7/32	2/4	1	1	1/32	1/32	1		3	81	1393
56	56	1/4	1/4	2/4	4	1	1/8	1/8	1		-2	58	1408
56	56	1/4	1/4	2/4	3	1	1/8	1/8	1		-1	65	1405
56	56	1/4	1/4	2/4	2	1	1/8	1/8	1		2	74	1402
56	56	1/4	1/4	2/4	1	1	3/32	1/16	3/2		0	84	1394
56	56	11/32	11/32	2/4	1	1	1/32	1/32	1		-2	82	1395
56	56	3/8	3/8	2/4	1	1	1/32	1/32	1		3	81	1396
56	56	13/32	13/32	2/4	1	1	1/32	1/32	1		-4	80	1397
56	56	7/16	7/16	2/4	1	1	1/32	1/32	1		1	79	1398
56	56	15/32	15/32	2/4	1	1	1/32	1/32	1		-1	77	1399
57	57	0	0	2/4	4	1	1/32	1/32	1		-3	39	1434
57	57	0	0	2/4	2	1	1/2	1/2	1		1	55	1427
57	57	0	0	2/4	2	1	1/2	1/2	1		-3	63	1427
57	57	0	0	2/4	1	1	1/16	1/16	1		-3	75	1409
57	57	1/32	1/32	2/4	4	1	1/32	1/32	1		-2	58	1435
57	57	1/16	1/16	2/4	1	1	1/16	1/16	1		1	79	1410
57	57	3/32	3/32	2/4	4	1	1/32	1/32	1		1	55	1436
57	57	1/8	1/8	2/4	1	1	1/16	1/16	1		1	79	1411
57	57	5/32	5/32	2/4	4	1	1/32	1/32	1		-3	51	1437
57	57	3/16	3/16	2/4	4	1	1/32	1/32	1		-2	46	1438
57	57	3/16	3/16	2/4	1	1	1/96	1/64	2/3		1	55	1412
57	57	19/96	19/96	2/4	1	1	1/96	1/64	2/3		-2	58	1413
57	57	5/24	5/24	2/4	1	1	1/96	1/64	2/3		-3	63	1414
57	57	7/32	7/32	2/4	4	1	1/32	1/32	1		1	43	1439
57	57	7/32	7/32	2/4	1	1	1/96	1/64	2/3		1	67	1415
57	57	11/48	11/48	2/4	1	1	1/96	1/64	2/3		-2	70	1416
57	57	23/96	23/96	2/4	1	1	1/96	1/64	2/3		-3	75	1417
57	57	1/4	1/4	2/4	4	1	1/8	1/8	1		-3	39	1440
57	57	1/4	1/4	2/4	3	1	1/32	1/32	1		-3	51	1428
57	57	1/4	1/4	2/4	1	1	1/16	1/16	1		1	79	1418
57	57	9/32	9/32	2/4	3	1	1/32	1/32	1		-2	70	1429
57	57	5/16	5/16	2/4	1	1	1/16	1/16	1		-2	82	1419
57	57	11/32	11/32	2/4	3	1	1/32	1/32	1		1	67	1430
57	57	3/8	3/8	2/4	1	1	1/16	1/16	1		-2	82	1420
57	57	13/32	13/32	2/4	3	1	1/32	1/32	1		-2	58	1431
57	57	7/16	7/16	2/4	3	1	1/32	1/32	1		1	55	1432
57	57	7/16	7/16	2/4	1	1	1/96	1/64	2/3		-3	63	1421
57	57	43/96	43/96	2/4	1	1	1/96	1/64	2/3		1	67	1422
57	57	11/24	11/24	2/4	1	1	1/96	1/64	2/3		-2	70	1423
57	57	15/32	15/32	2/4	3	1	1/32	1/32	1		-3	51	1433
57	57	15/32	15/32	2/4	1	1	1/96	1/64	2/3		-3	75	1424
57	57	23/48	23/48	2/4	1	1	1/96	1/64	2/3		1	79	1425
57	57	47/96	47/96	2/4	1	1	1/96	1/64	2/3		-2	82	1426
58	58	0	0	2/4	4	1	1/32	1/32	1		2	38	1463
58	58	0	0	2/4	3	1	1/8	1/8	1		2	50	1456
58	58	0	0	2/4	2	1	1/4	1/4	1	1	-2	58	1453
58	58	0	0	2/4	2	1	1/4	1/4	1	1	-1	65	1453
58	58	0	0	2/4	1	1	1/16	1/16	1		-2	82	1441
58	58	1/32	1/32	2/4	4	1	1/32	1/32	1		-2	58	1464
58	58	1/16	1/16	2/4	1	1	1/32	1/32	1		-4	80	1442
58	58	3/32	3/32	2/4	4	1	1/32	1/32	1		-1	53	1465
58	58	7/64	7/64	2/4	1	1	1/64	1/64	1		-4	80	1443
58	58	1/8	1/8	2/4	1	1	1/16	1/16	1		-4	80	1444
58	58	5/32	5/32	2/4	4	1	1/32	1/32	1		-1	53	1466
58	58	3/16	3/16	2/4	4	1	1/32	1/32	1		2	50	1467
58	58	3/16	3/16	2/4	1	1	1/32	1/32	1		-1	77	1445
58	58	7/32	7/32	2/4	4	1	1/32	1/32	1		-2	46	1468
58	58	15/64	15/64	2/4	1	1	1/64	1/64	1		-1	77	1446
58	58	1/4	1/4	2/4	4	1	1/8	1/8	1		-4	44	1469
58	58	1/4	1/4	2/4	3	1	1/32	1/32	1		2	50	1457
58	58	1/4	1/4	2/4	2	1	1/8	1/8	1	-1	-2	58	1454
58	58	1/4	1/4	2/4	2	1	1/8	1/8	1	-1	-1	65	1454
58	58	1/4	1/4	2/4	1	1	1/16	1/16	1		-1	77	1447
58	58	9/32	9/32	2/4	3	1	1/32	1/32	1		-4	68	1458
58	58	5/16	5/16	2/4	1	1	1/32	1/32	1		2	74	1448
58	58	11/32	11/32	2/4	3	1	1/32	1/32	1		-1	65	1459
58	58	23/64	23/64	2/4	1	1	1/64	1/64	1		2	74	1449
58	58	3/8	3/8	2/4	2	1	1/8	1/8	1		2	62	1455
58	58	3/8	3/8	2/4	1	1	1/16	1/16	1		2	74	1450
58	58	13/32	13/32	2/4	3	1	1/32	1/32	1		-1	65	1460
58	58	7/16	7/16	2/4	3	1	1/32	1/32	1		2	62	1461
58	58	7/16	7/16	2/4	1	1	1/32	1/32	1		-2	70	1451
58	58	15/32	15/32	2/4	3	1	1/32	1/32	1		-4	56	1462
58	58	31/64	31/64	2/4	1	1	1/64	1/64	1		-2	70	1452
59	59	0	0	2/4	4	1	1/32	1/32	1		1	43	1497
59	59	0	0	2/4	3	1	1/8	1/8	1		1	55	1490
59	59	0	0	2/4	2	2	1/8	1/8	1		-2	58	1487
59	59	0	0	2/4	2	1	1/4	1/4	1	1	-3	63	1484
59	59	0	0	2/4	1	1	1/16	1/16	1		-2	70	1470
59	59	1/32	1/32	2/4	4	1	1/32	1/32	1		-2	58	1498
59	59	1/16	1/16	2/4	1	1	1/16	1/16	1		-3	75	1471
59	59	3/32	3/32	2/4	4	1	1/32	1/32	1		1	55	1499
59	59	1/8	1/8	2/4	2	2	1/8	1/8	1		1	55	1488
59	59	1/8	1/8	2/4	1	1	1/16	1/16	1		-3	75	1472
59	59	5/32	5/32	2/4	4	1	1/32	1/32	1		-3	51	1500
59	59	3/16	3/16	2/4	4	1	1/32	1/32	1		-2	46	1501
59	59	3/16	3/16	2/4	1	1	1/64	1/64	1		2	74	1473
59	59	13/64	13/64	2/4	1	1	1/64	1/64	1		-3	75	1474
59	59	7/32	7/32	2/4	4	1	1/32	1/32	1		1	43	1502
59	59	7/32	7/32	2/4	1	1	1/64	1/64	1		-1	77	1475
59	59	15/64	15/64	2/4	1	1	1/64	1/64	1		-3	75	1476
59	59	1/4	1/4	2/4	4	1	1/8	1/8	1		-4	44	1503
59	59	1/4	1/4	2/4	3	1	1/32	1/32	1		-4	56	1491
59	59	1/4	1/4	2/4	2	2	1/4	1/4	1		0	60	1489
59	59	1/4	1/4	2/4	2	1	1/8	1/8	1	-1	-3	63	1485
59	59	1/4	1/4	2/4	1	1	1/16	1/16	1		0	72	1477
59	59	9/32	9/32	2/4	3	1	1/32	1/32	1		0	72	1492
59	59	5/16	5/16	2/4	1	1	1/16	1/16	1		-4	80	1478
59	59	11/32	11/32	2/4	3	1	1/32	1/32	1		-4	68	1493
59	59	3/8	3/8	2/4	2	1	1/8	1/8	1		-1	65	1486
59	59	3/8	3/8	2/4	1	1	1/16	1/16	1		-4	80	1479
59	59	13/32	13/32	2/4	4	1	1/32	1/32	1		-1	53	1504
59	59	13/32	13/32	2/4	3	1	1/32	1/32	1		-1	65	1494
59	59	7/16	7/16	2/4	4	1	1/32	1/32	1		0	48	1505
59	59	7/16	7/16	2/4	3	1	1/32	1/32	1		0	60	1495
59	59	7/16	7/16	2/4	1	1	1/64	1/64	1		1	79	1480
59	59	29/64	29/64	2/4	1	1	1/64	1/64	1		-4	80	1481
59	59	15/32	15/32	2/4	4	1	1/32	1/32	1		1	43	1506
59	59	15/32	15/32	2/4	3	1	1/32	1/32	1		-4	56	1496
59	59	15/32	15/32	2/4	1	1	1/64	1/64	1		-2	82	1482
59	59	31/64	31/64	2/4	1	1	1/64	1/64	1		-4	80	1483
60	60	0	0	2/4	4	1	1/16	1/16	1		-2	46	1526
60	60	0	0	2/4	3	1	1/16	1/16	1		-2	58	1522
60	60	0	0	2/4	1	1	1/16	1/16	1		1	79	1507
60	60	1/16	1/16	2/4	2	1	1/16	1/16	1		-2	58	1518
60	60	1/16	1/16	2/4	3	1	1/16	1/16	1		-3	63	1523
60	60	1/16	1/16	2/4	2	1	1/16	1/16	1		1	67	1518
60	60	1/16	1/16	2/4	1	1	1/64	1/64	1		-4	80	1508
60	60	5/64	5/64	2/4	1	1	1/64	1/64	1		-2	82	1509
60	60	3/32	3/32	2/4	1	1	1/64	1/64	1		0	84	1510
60	60	7/64	7/64	2/4	1	1	1/64	1/64	1		-2	82	1511
60	60	1/8	1/8	2/4	4	1	1/16	1/16	1		-2	46	1527
60	60	1/8	1/8	2/4	1	1	1/16	1/16	1		-1	77	1512
60	60	3/16	3/16	2/4	2	1	1/16	1/16	1		-2	58	1519
60	60	3/16	3/16	2/4	3	1	1/16	1/16	1		2	62	1524
60	60	3/16	3/16	2/4	2	1	1/16	1/16	1		-4	68	1519
60	60	3/16	3/16	2/4	1	1	1/64	1/64	1		-4	80	1513
60	60	13/64	13/64	2/4	1	1	1/64	1/64	1		-2	82	1514
60	60	7/32	7/32	2/4	1	1	1/64	1/64	1		0	84	1515
60	60	15/64	15/64	2/4	1	1	1/64	1/64	1		-2	82	1516
60	60	1/4	1/4	2/4	4	1	1/8	1/8	1		-3	51	1528
60	60	1/4	1/4	2/4	2	1	1/8	1/8	1		-2	58	1520
60	60	1/4	1/4	2/4	3	1	1/8	1/8	1		-3	63	1525
60	60	1/4	1/4	2/4	2	1	1/8	1/8	1		1	67	1520
60	60	1/4	1/4	2/4	1	1	1/8	1/8	1		-3	75	1517
60	60	7/16	7/16	2/4	2	1	1/16	1/16	1		-2	70	1521
61	61	0	0	2/4	4	1	3/32	1/16	3/2		-2	58	1541
61	61	0	0	2/4	3	1	3/32	1/16	3/2		-4	68	1535
61	61	0	0	2/4	2	1	3/32	1/16	3/2		-1	77	1529
61	61	3/32	3/32	2/4	4	1	1/32	1/32	1		-2	58	1542
61	61	3/32	3/32	2/4	3	1	1/32	1/32	1		1	67	1536
61	61	3/32	3/32	2/4	2	1	1/32	1/32	1		-3	75	1530
61	61	1/8	1/8	2/4	4	1	1/16	1/16	1		-2	58	1543
61	61	1/8	1/8	2/4	3	1	1/16	1/16	1		-1	65	1537
61	61	1/8	1/8	2/4	2	1	1/16	1/16	1		2	74	1531
61	61	3/16	3/16	2/4	4	1	1/16	1/16	1		-2	58	1544
61	61	3/16	3/16	2/4	3	1	1/16	1/16	1		-3	63	1538
61	61	3/16	3/16	2/4	2	1	1/16	1/16	1		0	72	1532
61	61	1/4	1/4	2/4	4	1	3/16	1/8	3/2		-2	58	1545
61	61	1/4	1/4	2/4	3	1	3/16	1/8	3/2		2	62	1539
61	61	1/4	1/4	2/4	2	1	3/16	1/8	3/2		-2	70	1533
61	61	7/16	7/16	2/4	4	1	1/16	1/16	1		5	59	1546
61	61	7/16	7/16	2/4	3	1	1/16	1/16	1		2	62	1540
61	61	7/16	7/16	2/4	2	1	1/16	1/16	1		-4	68	1534
62	62	0	0	2/4	4	1	1/16	1/16	1		0	60	1558
62	62	0	0	2/4	3	1	1/16	1/16	1		-3	63	1553
62	62	0	0	2/4	2	1	1/16	1/16	1		1	67	1548
62	62	1/16	1/16	2/4	4	1	1/16	1/16	1		5	59	1559
62	62	1/16	1/16	2/4	3	1	1/16	1/16	1		2	62	1554
62	62	1/16	1/16	2/4	2	1	1/16	1/16	1		-4	68	1549
62	62	1/8	1/8	2/4	4	1	1/16	1/16	1		0	60	1560
62	62	1/8	1/8	2/4	3	1	1/16	1/16	1		-3	63	1555
62	62	1/8	1/8	2/4	2	1	1/16	1/16	1		1	67	1550
62	62	3/16	3/16	2/4	4	1	1/16	1/16	1		-4	56	1561
62	62	3/16	3/16	2/4	3	1	1/16	1/16	1		-3	63	1556
62	62	3/16	3/16	2/4	2	1	1/16	1/16	1		0	72	1551
62	62	1/4	1/4	2/4	4	1	1/8	1/8	1		-2	58	1562
62	62	1/4	1/4	2/4	3	1	1/8	1/8	1		2	62	1557
62	62	1/4	1/4	2/4	2	1	1/8	1/8	1		-1	65	1552
62	62	7/16	7/16	2/4	1	1	1/16	1/16	1		-2	70	1547
63	63	0	0	2/4	4	1	3/32	1/16	3/2		-2	58	1581
63	63	0	0	2/4	3	1	3/32	1/16	3/2		0	72	1575
63	63	0	0	2/4	2	1	3/32	1/16	3/2		-3	75	1569
63	63	0	0	2/4	1	1	3/32	1/16	3/2		-4	80	1563
63	63	3/32	3/32	2/4	4	1	1/32	1/32	1		-2	58	1582
63	63	3/32	3/32	2/4	3	1	1/32	1/32	1		-2	70	1576
63	63	3/32	3/32	2/4	2	1	1/32	1/32	1		2	74	1570
63	63	3/32	3/32	2/4	1	1	1/32	1/32	1		1	79	1564
63	63	1/8	1/8	2/4	4	1	1/16	1/16	1		-2	58	1583
63	63	1/8	1/8	2/4	3	1	1/16	1/16	1		-4	68	1577
63	63	1/8	1/8	2/4	2	1	1/16	1/16	1		0	72	1571
63	63	1/8	1/8	2/4	1	1	1/16	1/16	1		-1	77	1565
63	63	3/16	3/16	2/4	4	1	1/16	1/16	1		-2	58	1584
63	63	3/16	3/16	2/4	3	1	1/16	1/16	1		1	67	1578
63	63	3/16	3/16	2/4	2	1	1/16	1/16	1		-2	70	1572
63	63	3/16	3/16	2/4	1	1	1/16	1/16	1		-3	75	1566
63	63	1/4	1/4	2/4	4	1	3/16	1/8	3/2		-2	58	1585
63	63	1/4	1/4	2/4	3	1	3/16	1/8	3/2		-1	65	1579
63	63	1/4	1/4	2/4	2	1	3/16	1/8	3/2		-4	68	1573
63	63	1/4	1/4	2/4	1	1	3/16	1/8	3/2		2	74	1567
63	63	7/16	7/16	2/4	4	1	1/16	1/16	1		-7	59	1586
63	63	7/16	7/16	2/4	3	1	1/16	1/16	1		-1	65	1580
63	63	7/16	7/16	2/4	2	1	1/16	1/16	1		-4	68	1574
63	63	7/16	7/16	2/4	1	1	1/16	1/16	1		-3	75	1568
64	64	0	0	2/4	4	1	1/16	1/16	1		-2	58	1602
64	64	0	0	2/4	3	1	1/16	1/16	1		-1	65	1597
64	64	0	0	2/4	2	1	1/16	1/16	1		-4	68	1592
64	64	0	0	2/4	1	1	1/16	1/16	1		2	74	1587
64	64	1/16	1/16	2/4	4	1	1/16	1/16	1		-7	59	1603
64	64	1/16	1/16	2/4	3	1	1/16	1/16	1		-1	65	1598
64	64	1/16	1/16	2/4	2	1	1/16	1/16	1		-4	68	1593
64	64	1/16	1/16	2/4	1	1	1/16	1/16	1		-3	75	1588
64	64	1/8	1/8	2/4	4	1	1/16	1/16	1		-2	58	1604
64	64	1/8	1/8	2/4	3	1	1/16	1/16	1		-1	65	1599
64	64	1/8	1/8	2/4	2	1	1/16	1/16	1		-4	68	1594
64	64	1/8	1/8	2/4	1	1	1/16	1/16	1		2	74	1589
64	64	3/16	3/16	2/4	4	1	1/16	1/16	1		-7	59	1605
64	64	3/16	3/16	2/4	3	1	1/16	1/16	1		-1	65	1600
64	64	3/16	3/16	2/4	2	1	1/16	1/16	1		-4	68	1595
64	64	3/16	3/16	2/4	1	1	1/16	1/16	1		-3	75	1590
64	64	1/4	1/4	2/4	4	1	1/8	1/8	1		-2	58	1606
64	64	1/4	1/4	2/4	3	1	1/8	1/8	1		-1	65	1601
64	64	1/4	1/4	2/4	2	1	1/8	1/8	1		-4	68	1596
64	64	1/4	1/4	2/4	1	1	1/8	1/8	1		2	74	1591
65	65	0	0	2/4	4	1	1/8	1/8	1		0	60	1613
65	65	0	0	2/4	3	1	1/8	1/8	1		-3	63	1611
65	65	0	0	2/4	2	1	1/8	1/8	1		1	67	1609
65	65	0	0	2/4	1	1	1/8	1/8	1		-3	75	1607
65	65	1/4	1/4	2/4	4	1	1/8	1/8	1		-4	44	1614
65	65	1/4	1/4	2/4	1	1	1/8	1/8	1		-4	56	1608
65	65	1/4	1/4	2/4	3	1	1/8	1/8	1		-4	56	1612
65	65	1/4	1/4	2/4	2	1	1/8	1/8	1		0	60	1610
65	65	1/4	1/4	2/4	1	1	1/8	1/8	1		-3	63	1608
65	65	1/4	1/4	2/4	2	1	1/8	1/8	1		-3	63	1610
65	65	1/4	1/4	2/4	1	1	1/8	1/8	1		0	72	1608
66	66	0	0	2/4	4	1	1/16	1/16	1		-2	46	1626
66	66	0	0	2/4	2	1	1/16	1/16	1		1	55	1618
66	66	0	0	2/4	3	1	1/16	1/16	1		-2	58	1622
66	66	0	0	2/4	1	1	1/16	1/16	1		-3	63	1615
66	66	1/8	1/8	2/4	4	1	1/16	1/16	1		-2	46	1627
66	66	1/8	1/8	2/4	2	1	1/16	1/16	1		-4	56	1619
66	66	1/8	1/8	2/4	3	1	1/16	1/16	1		2	62	1623
66	66	1/8	1/8	2/4	1	1	1/16	1/16	1		-1	65	1616
66	66	1/4	1/4	2/4	4	1	1/16	1/16	1		-3	39	1628
66	66	1/4	1/4	2/4	2	1	1/16	1/16	1		1	55	1620
66	66	1/4	1/4	2/4	3	1	1/16	1/16	1		-2	58	1624
66	66	1/4	1/4	2/4	1	1	1/16	1/16	1		-3	63	1617
66	66	7/16	7/16	2/4	4	1	1/16	1/16	1		1	43	1629
66	66	7/16	7/16	2/4	2	1	1/16	1/16	1		1	55	1621
66	66	7/16	7/16	2/4	3	1	1/16	1/16	1		1	55	1625
67	67	0	0	2/4	4	1	1/8	1/8	1		1	55	1642
67	67	0	0	2/4	2	1	1/8	1/8	1		1	67	1630
67	67	0	0	2/4	3	1	1/8	1/8	1		1	67	1636
67	67	1/8	1/8	2/4	4	1	1/16	1/16	1		-3	51	1643
67	67	1/8	1/8	2/4	2	1	1/16	1/16	1		-3	63	1631
67	67	1/8	1/8	2/4	3	1	1/16	1/16	1		-3	63	1637
67	67	3/16	3/16	2/4	4	1	1/16	1/16	1		5	47	1644
67	67	3/16	3/16	2/4	2	1	1/16	1/16	1		5	59	1632
67	67	3/16	3/16	2/4	3	1	1/16	1/16	1		5	59	1638
67	67	1/4	1/4	2/4	4	1	1/8	1/8	1		0	48	1645
67	67	1/4	1/4	2/4	2	1	1/8	1/8	1		0	60	1633
67	67	1/4	1/4	2/4	3	1	1/8	1/8	1		0	60	1639
67	67	3/8	3/8	2/4	4	1	1/16	1/16	1		1	43	1646
67	67	3/8	3/8	2/4	2	1	1/16	1/16	1		1	55	1634
67	67	3/8	3/8	2/4	3	1	1/16	1/16	1		1	55	1640
67	67	7/16	7/16	2/4	4	1	1/16	1/16	1		5	47	1647
67	67	7/16	7/16	2/4	2	1	1/16	1/16	1		5	59	1635
67	67	7/16	7/16	2/4	3	1	1/16	1/16	1		5	59	1641
68	68	0	0	2/4	4	1	1/16	1/16	1		0	48	1659
68	68	0	0	2/4	2	1	1/16	1/16	1		0	60	1649
68	68	0	0	2/4	3	1	1/16	1/16	1		0	60	1654
68	68	1/16	1/16	2/4	4	1	1/16	1/16	1		2	50	1660
68	68	1/16	1/16	2/4	2	1	1/16	1/16	1		2	62	1650
68	68	1/16	1/16	2/4	3	1	1/16	1/16	1		2	62	1655
68	68	1/8	1/8	2/4	4	1	1/16	1/16	1		-3	51	1661
68	68	1/8	1/8	2/4	2	1	1/16	1/16	1		-3	63	1651
68	68	1/8	1/8	2/4	3	1	1/16	1/16	1		-3	63	1656
68	68	3/16	3/16	2/4	4	1	1/16	1/16	1		6	54	1662
68	68	3/16	3/16	2/4	2	1	1/16	1/16	1		6	66	1652
68	68	3/16	3/16	2/4	3	1	1/16	1/16	1		6	66	1657
68	68	1/4	1/4	2/4	4	1	1/8	1/8	1		1	55	1663
68	68	1/4	1/4	2/4	2	1	1/8	1/8	1		1	67	1653
68	68	1/4	1/4	2/4	3	1	1/8	1/8	1		1	67	1658
68	68	7/16	7/16	2/4	1	1	1/16	1/16	1		1	67	1648
69	69	0	0	2/4	4	1	3/16	1/8	3/2		0	36	1678
69	69	0	0	2/4	3	1	3/16	1/8	3/2		0	48	1674
69	69	0	0	2/4	4	1	3/16	1/8	3/2		0	48	1678
69	69	0	0	2/4	2	1	3/16	1/8	3/2		1	55	1670
69	69	0	0	2/4	3	1	3/16	1/8	3/2		0	60	1674
69	69	0	0	2/4	2	1	3/16	1/8	3/2		4	64	1670
69	69	0	0	2/4	1	1	1/8	1/8	1		1	79	1664
69	69	1/8	1/8	2/4	1	1	1/16	1/16	1		4	76	1665
69	69	3/16	3/16	2/4	4	1	1/16	1/16	1		0	36	1679
69	69	3/16	3/16	2/4	3	1	1/16	1/16	1		0	48	1675
69	69	3/16	3/16	2/4	4	1	1/16	1/16	1		0	48	1679
69	69	3/16	3/16	2/4	2	1	1/16	1/16	1		1	55	1671
69	69	3/16	3/16	2/4	3	1	1/16	1/16	1		2	62	1675
69	69	3/16	3/16	2/4	2	1	1/16	1/16	1		-1	65	1671
69	69	3/16	3/16	2/4	1	1	1/16	1/16	1		5	71	1666
69	69	1/4	1/4	2/4	4	1	3/16	1/8	3/2		0	36	1680
69	69	1/4	1/4	2/4	3	1	3/16	1/8	3/2		0	48	1676
69	69	1/4	1/4	2/4	4	1	3/16	1/8	3/2		0	48	1680
69	69	1/4	1/4	2/4	2	1	3/16	1/8	3/2		1	55	1672
69	69	1/4	1/4	2/4	3	1	3/16	1/8	3/2		0	60	1676
69	69	1/4	1/4	2/4	2	1	3/16	1/8	3/2		4	64	1672
69	69	1/4	1/4	2/4	1	1	1/8	1/8	1		0	72	1667
69	69	3/8	3/8	2/4	1	1	1/16	1/16	1		1	67	1668
69	69	7/16	7/16	2/4	4	1	1/16	1/16	1		0	36	1681
69	69	7/16	7/16	2/4	3	1	1/16	1/16	1		0	48	1677
69	69	7/16	7/16	2/4	4	1	1/16	1/16	1		0	48	1681
69	69	7/16	7/16	2/4	2	1	1/16	1/16	1		1	55	1673
69	69	7/16	7/16	2/4	3	1	1/16	1/16	1		2	62	1677
69	69	7/16	7/16	2/4	2	1	1/16	1/16	1		-1	65	1673
69	69	7/16	7/16	2/4	1	1	1/16	1/16	1		5	71	1669
70	70	0	0	2/4	4	1	3/16	1/8	3/2		0	36	1698
70	70	0	0	2/4	3	1	3/16	1/8	3/2		0	48	1692
70	70	0	0	2/4	4	1	3/16	1/8	3/2		0	48	1698
70	70	0	0	2/4	2	1	3/16	1/8	3/2		1	55	1686
70	70	0	0	2/4	3	1	3/16	1/8	3/2		0	60	1692
70	70	0	0	2/4	2	1	3/16	1/8	3/2		4	64	1686
70	70	0	0	2/4	1	1	1/8	1/8	1		0	72	1682
70	70	1/8	1/8	2/4	1	1	1/16	1/16	1		1	67	1683
70	70	3/16	3/16	2/4	4	1	1/16	1/16	1		0	36	1699
70	70	3/16	3/16	2/4	3	1	1/16	1/16	1		0	48	1693
70	70	3/16	3/16	2/4	4	1	1/16	1/16	1		0	48	1699
70	70	3/16	3/16	2/4	2	1	1/16	1/16	1		1	55	1687
70	70	3/16	3/16	2/4	3	1	1/16	1/16	1		2	62	1693
70	70	3/16	3/16	2/4	2	1	1/16	1/16	1		-1	65	1687
70	70	3/16	3/16	2/4	1	1	1/16	1/16	1		5	71	1684
70	70	1/4	1/4	2/4	4	1	1/16	1/16	1		0	36	1700
70	70	1/4	1/4	2/4	4	1	1/16	1/16	1		0	48	1700
70	70	1/4	1/4	2/4	2	1	1/16	1/16	1		1	55	1688
70	70	1/4	1/4	2/4	3	1	1/16	1/16	1		0	60	1694
70	70	1/4	1/4	2/4	2	1	1/16	1/16	1		4	64	1688
70	70	1/4	1/4	2/4	1	1	1/4	1/4	1	1	0	72	1685
70	70	5/16	5/16	2/4	4	1	1/8	1/8	1		0	60	1701
70	70	5/16	5/16	2/4	3	1	1/16	1/16	1		2	62	1695
70	70	5/16	5/16	2/4	2	1	1/16	1/16	1		-1	65	1689
70	70	3/8	3/8	2/4	3	1	1/16	1/16	1		-3	63	1696
70	70	3/8	3/8	2/4	2	1	1/16	1/16	1		6	66	1690
70	70	7/16	7/16	2/4	4	1	1/16	1/16	1		5	59	1702
70	70	7/16	7/16	2/4	3	1	1/16	1/16	1		4	64	1697
70	70	7/16	7/16	2/4	2	1	1/16	1/16	1		1	67	1691
71	71	0	0	2/4	4	1	1/16	1/16	1		-4	56	1730
71	71	0	0	2/4	3	1	1/16	1/16	1		-1	65	1722
71	71	0	0	2/4	2	1	1/16	1/16	1		-4	68	1714
71	71	0	0	2/4	1	1	1/16	1/16	1	-1	0	72	1703
71	71	1/16	1/16	2/4	4	1	1/16	1/16	1		1	55	1731
71	71	1/16	1/16	2/4	3	1	1/16	1/16	1		0	60	1723
71	71	1/16	1/16	2/4	2	1	1/16	1/16	1		-2	70	1715
71	71	1/16	1/16	2/4	1	1	1/32	1/32	1		2	74	1704
71	71	3/32	3/32	2/4	1	1	1/32	1/32	1		4	76	1705
71	71	1/8	1/8	2/4	4	1	1/16	1/16	1		-1	53	1732
71	71	1/8	1/8	2/4	3	1	1/16	1/16	1		0	60	1724
71	71	1/8	1/8	2/4	2	1	1/16	1/16	1		-4	68	1716
71	71	1/8	1/8	2/4	1	1	1/16	1/16	1		-1	77	1706
71	71	3/16	3/16	2/4	4	1	1/16	1/16	1		-3	51	1733
71	71	3/16	3/16	2/4	3	1	1/16	1/16	1		0	60	1725
71	71	3/16	3/16	2/4	2	1	1/16	1/16	1		3	69	1717
71	71	3/16	3/16	2/4	1	1	1/16	1/16	1	1	-1	77	1707
71	71	1/4	1/4	2/4	4	1	1/16	1/16	1		2	50	1734
71	71	1/4	1/4	2/4	3	1	1/16	1/16	1		-1	65	1726
71	71	1/4	1/4	2/4	2	1	1/16	1/16	1		-2	70	1718
71	71	1/4	1/4	2/4	1	1	1/16	1/16	1	-1	-1	77	1708
71	71	5/16	5/16	2/4	4	1	1/16	1/16	1		0	48	1735
71	71	5/16	5/16	2/4	3	1	1/16	1/16	1		-1	53	1727
71	71	5/16	5/16	2/4	2	1	1/16	1/16	1		-3	75	1719
71	71	5/16	5/16	2/4	1	1	1/32	1/32	1		1	79	1709
71	71	11/32	11/32	2/4	1	1	1/32	1/32	1		3	81	1710
71	71	3/8	3/8	2/4	4	1	1/16	1/16	1		-2	46	1736
71	71	3/8	3/8	2/4	3	1	1/16	1/16	1		-1	53	1728
71	71	3/8	3/8	2/4	2	1	1/16	1/16	1		2	74	1720
71	71	3/8	3/8	2/4	1	1	1/32	1/32	1		-2	82	1711
71	71	13/32	13/32	2/4	1	1	1/32	1/32	1		-5	85	1712
71	71	7/16	7/16	2/4	4	1	1/16	1/16	1		-4	44	1737
71	71	7/16	7/16	2/4	3	1	1/16	1/16	1		-2	58	1729
71	71	7/16	7/16	2/4	2	1	1/16	1/16	1		-1	77	1721
71	71	7/16	7/16	2/4	1	1	1/16	1/16	1		2	86	1713
72	72	0	0	2/4	4	1	1/8	1/8	1		1	43	1744
72	72	0	0	2/4	3	1	1/8	1/8	1		-2	58	1742
72	72	0	0	2/4	2	1	1/8	1/8	1		-3	63	1740
72	72	0	0	2/4	2	1	1/8	1/8	1		-2	70	1740
72	72	0	0	2/4	1	1	1/8	1/8	1		-3	87	1738
72	72	1/4	1/4	2/4	4	1	1/8	1/8	1		-4	44	1745
72	72	1/4	1/4	2/4	2	1	1/8	1/8	1		-4	56	1741
72	72	1/4	1/4	2/4	3	1	1/8	1/8	1		-4	56	1743
72	72	1/4	1/4	2/4	2	1	1/8	1/8	1		-3	63	1741
72	72	1/4	1/4	2/4	1	1	1/8	1/8	1		-4	68	1739
72	72	1/4	1/4	2/4	2	1	1/8	1/8	1		0	72	1741
72	72	1/4	1/4	2/4	1	1	1/8	1/8	1		-3	75	1739
72	72	1/4	1/4	2/4	1	1	1/8	1/8	1		0	84	1739
73	73	0	0	2/4	4	1	1/16	1/16	1		-2	46	1759
73	73	0	0	2/4	2	1	1/16	1/16	1		1	55	1749
73	73	0	0	2/4	3	1	1/16	1/16	1		-2	58	1752
73	73	0	0	2/4	1	1	1/16	1/16	1		-3	63	1746
73	73	1/8	1/8	2/4	4	1	1/16	1/16	1		-2	46	1760
73	73	1/8	1/8	2/4	2	1	1/16	1/16	1		-4	56	1750
73	73	1/8	1/8	2/4	3	1	1/16	1/16	1		2	62	1753
73	73	1/8	1/8	2/4	1	1	1/16	1/16	1		-1	65	1747
73	73	1/4	1/4	2/4	4	1	1/16	1/16	1		-3	39	1761
73	73	1/4	1/4	2/4	2	1	1/16	1/16	1		1	55	1751
73	73	1/4	1/4	2/4	3	1	1/16	1/16	1		-2	58	1754
73	73	1/4	1/4	2/4	1	1	1/16	1/16	1		-3	63	1748
73	73	7/16	7/16	2/4	3	1	1/64	1/64	1		3	57	1755
73	73	29/64	29/64	2/4	3	1	1/64	1/64	1		-2	58	1756
73	73	15/32	15/32	2/4	3	1	1/64	1/64	1		0	60	1757
73	73	31/64	31/64	2/4	3	1	1/64	1/64	1		-2	58	1758
74	74	0	0	2/4	4	1	1/4	1/4	1	1	-2	46	1772
74	74	0	0	2/4	3	1	1/8	1/8	1		2	50	1771
74	74	0	0	2/4	4	1	1/4	1/4	1		-4	56	1772
74	74	3/16	3/16	2/4	2	1	1/64	1/64	1		3	69	1766
74	74	13/64	13/64	2/4	2	1	1/64	1/64	1		-2	70	1767
74	74	7/32	7/32	2/4	2	1	1/64	1/64	1		0	72	1768
74	74	15/64	15/64	2/4	2	1	1/64	1/64	1		-2	70	1769
74	74	1/4	1/4	2/4	4	1	1/4	1/4	1	-1	-2	46	1773
74	74	1/4	1/4	2/4	4	1	1/4	1/4	1		1	55	1773
74	74	1/4	1/4	2/4	2	1	1/8	1/8	1		-3	63	1770
74	74	7/16	7/16	2/4	1	1	1/64	1/64	1		3	81	1762
74	74	29/64	29/64	2/4	1	1	1/64	1/64	1		-2	82	1763
74	74	15/32	15/32	2/4	1	1	1/64	1/64	1		0	84	1764
74	74	31/64	31/64	2/4	1	1	1/64	1/64	1		-2	82	1765
75	75	0	0	2/4	4	1	1/16	1/16	1		-2	46	1799
75	75	0	0	2/4	2	1	1/16	1/16	1		-2	58	1785
75	75	0	0	2/4	3	1	1/16	1/16	1		-1	65	1788
75	75	0	0	2/4	2	1	1/16	1/16	1		-4	68	1785
75	75	0	0	2/4	1	1	1/16	1/16	1		2	74	1774
75	75	1/16	1/16	2/4	1	1	1/64	1/64	1		3	81	1775
75	75	5/64	5/64	2/4	1	1	1/64	1/64	1		-2	82	1776
75	75	3/32	3/32	2/4	1	1	1/64	1/64	1		0	84	1777
75	75	7/64	7/64	2/4	1	1	1/64	1/64	1		-2	82	1778
75	75	1/8	1/8	2/4	4	1	1/16	1/16	1		-2	46	1800
75	75	1/8	1/8	2/4	2	1	1/16	1/16	1		-2	58	1786
75	75	1/8	1/8	2/4	3	1	1/16	1/16	1		-1	65	1789
75	75	1/8	1/8	2/4	2	1	1/16	1/16	1		-4	68	1786
75	75	1/8	1/8	2/4	1	1	1/16	1/16	1		2	74	1779
75	75	3/16	3/16	2/4	1	1	1/64	1/64	1		3	81	1780
75	75	13/64	13/64	2/4	1	1	1/64	1/64	1		-2	82	1781
75	75	7/32	7/32	2/4	1	1	1/64	1/64	1		0	84	1782
75	75	15/64	15/64	2/4	1	1	1/64	1/64	1		-2	82	1783
75	75	1/4	1/4	2/4	4	1	1/16	1/16	1		-3	51	1801
75	75	1/4	1/4	2/4	2	1	1/16	1/16	1		-2	58	1787
75	75	1/4	1/4	2/4	3	1	1/16	1/16	1		-3	63	1790
75	75	1/4	1/4	2/4	2	1	1/16	1/16	1		1	67	1787
75	75	1/4	1/4	2/4	1	1	1/8	1/8	1		-3	75	1784
75	75	3/8	3/8	2/4	3	1	1/64	1/64	1		3	57	1791
75	75	25/64	25/64	2/4	3	1	1/64	1/64	1		-2	58	1792
75	75	13/32	13/32	2/4	3	1	1/64	1/64	1		3	57	1793
75	75	27/64	27/64	2/4	3	1	1/64	1/64	1		-2	58	1794
75	75	7/16	7/16	2/4	3	1	1/64	1/64	1		3	57	1795
75	75	29/64	29/64	2/4	3	1	1/64	1/64	1		-2	58	1796
75	75	15/32	15/32	2/4	3	1	1/64	1/64	1		0	60	1797
75	75	31/64	31/64	2/4	3	1	1/64	1/64	1		-2	58	1798
76	76	0	0	2/4	4	1	1/4	1/4	1	1	-2	46	1820
76	76	0	0	2/4	3	1	1/8	1/8	1		2	50	1819
76	76	0	0	2/4	4	1	1/4	1/4	1		-4	56	1820
76	76	1/8	1/8	2/4	2	1	1/64	1/64	1		3	69	1810
76	76	9/64	9/64	2/4	2	1	1/64	1/64	1		-2	70	1811
76	76	5/32	5/32	2/4	2	1	1/64	1/64	1		3	69	1812
76	76	11/64	11/64	2/4	2	1	1/64	1/64	1		-2	70	1813
76	76	3/16	3/16	2/4	2	1	1/64	1/64	1		3	69	1814
76	76	13/64	13/64	2/4	2	1	1/64	1/64	1		-2	70	1815
76	76	7/32	7/32	2/4	2	1	1/64	1/64	1		0	72	1816
76	76	15/64	15/64	2/4	2	1	1/64	1/64	1		-2	70	1817
76	76	1/4	1/4	2/4	4	1	1/4	1/4	1	-1	-2	46	1821
76	76	1/4	1/4	2/4	4	1	1/4	1/4	1		1	55	1821
76	76	1/4	1/4	2/4	2	1	1/8	1/8	1		-3	63	1818
76	76	3/8	3/8	2/4	1	1	1/64	1/64	1		3	81	1802
76	76	25/64	25/64	2/4	1	1	1/64	1/64	1		-2	82	1803
76	76	13/32	13/32	2/4	1	1	1/64	1/64	1		3	81	1804
76	76	27/64	27/64	2/4	1	1	1/64	1/64	1		-2	82	1805
76	76	7/16	7/16	2/4	1	1	1/64	1/64	1		3	81	1806
76	76	29/64	29/64	2/4	1	1	1/64	1/64	1		-2	82	1807
76	76	15/32	15/32	2/4	1	1	1/64	1/64	1		0	84	1808
76	76	31/64	31/64	2/4	1	1	1/64	1/64	1		-2	82	1809
77	77	0	0	2/4	4	1	1/16	1/16	1		-2	46	1844
77	77	0	0	2/4	3	1	1/16	1/16	1		-1	53	1841
77	77	0	0	2/4	2	1	1/16	1/16	1		-4	56	1838
77	77	0	0	2/4	2	1	1/16	1/16	1		2	62	1838
77	77	0	0	2/4	1	1	1/16	1/16	1		2	74	1822
77	77	1/16	1/16	2/4	1	1	1/96	1/64	2/3		3	81	1823
77	77	7/96	7/96	2/4	1	1	1/96	1/64	2/3		-2	82	1824
77	77	1/12	1/12	2/4	1	1	1/96	1/64	2/3		0	84	1825
77	77	3/32	3/32	2/4	1	1	1/96	1/64	2/3		-2	82	1826
77	77	5/48	5/48	2/4	1	1	1/96	1/64	2/3		3	81	1827
77	77	11/96	11/96	2/4	1	1	1/96	1/64	2/3		-2	82	1828
77	77	1/8	1/8	2/4	4	1	1/16	1/16	1		-2	46	1845
77	77	1/8	1/8	2/4	3	1	1/16	1/16	1		-1	53	1842
77	77	1/8	1/8	2/4	2	1	1/16	1/16	1		-4	56	1839
77	77	1/8	1/8	2/4	2	1	1/16	1/16	1		2	62	1839
77	77	1/8	1/8	2/4	1	1	1/16	1/16	1		2	74	1829
77	77	3/16	3/16	2/4	1	1	1/96	1/64	2/3		3	81	1830
77	77	19/96	19/96	2/4	1	1	1/96	1/64	2/3		-2	82	1831
77	77	5/24	5/24	2/4	1	1	1/96	1/64	2/3		0	84	1832
77	77	7/32	7/32	2/4	1	1	1/96	1/64	2/3		-2	82	1833
77	77	11/48	11/48	2/4	1	1	1/96	1/64	2/3		3	81	1834
77	77	23/96	23/96	2/4	1	1	1/96	1/64	2/3		-2	82	1835
77	77	1/4	1/4	2/4	3	1	1/16	1/16	1		-3	51	1843
77	77	1/4	1/4	2/4	4	1	1/16	1/16	1		-3	51	1846
77	77	1/4	1/4	2/4	2	1	1/16	1/16	1		1	55	1840
77	77	1/4	1/4	2/4	2	1	1/16	1/16	1		-3	63	1840
77	77	1/4	1/4	2/4	1	1	1/8	1/8	1		-3	75	1836
77	77	7/16	7/16	2/4	1	1	1/16	1/16	1		1	79	1837
78	78	0	0	2/4	1	1	1/8	1/8	1		-2	70	1847
78	78	3/16	3/16	2/4	2	1	1/16	1/16	1		-3	63	1851
78	78	3/16	3/16	2/4	1	1	1/16	1/16	1		-3	75	1848
78	78	1/4	1/4	2/4	2	1	1/8	1/8	1		1	55	1852
78	78	1/4	1/4	2/4	1	1	1/8	1/8	1		1	67	1849
78	78	7/16	7/16	2/4	3	1	1/16	1/16	1		-2	58	1853
78	78	7/16	7/16	2/4	1	1	1/16	1/16	1		-2	70	1850
79	79	0	0	2/4	3	1	1/8	1/8	1		-3	51	1859
79	79	0	0	2/4	1	1	1/8	1/8	1		-3	63	1854
79	79	1/8	1/8	2/4	4	1	1/8	1/8	1		-2	46	1862
79	79	1/8	1/8	2/4	3	1	1/8	1/8	1		-4	56	1860
79	79	1/8	1/8	2/4	1	1	1/8	1/8	1		-2	58	1855
79	79	1/8	1/8	2/4	1	1	1/8	1/8	1		-1	65	1855
79	79	1/8	1/8	2/4	2	1	1/8	1/8	1		-1	65	1857
79	79	1/8	1/8	2/4	2	1	1/8	1/8	1		2	74	1857
79	79	1/4	1/4	2/4	4	1	1/8	1/8	1		-3	51	1863
79	79	1/4	1/4	2/4	1	1	1/8	1/8	1		1	55	1856
79	79	1/4	1/4	2/4	3	1	1/8	1/8	1		1	55	1861
79	79	1/4	1/4	2/4	1	1	1/8	1/8	1		-3	63	1856
79	79	1/4	1/4	2/4	2	1	1/8	1/8	1		-3	63	1858
79	79	1/4	1/4	2/4	2	1	1/8	1/8	1		-3	75	1858
